x1,x2,x3,y
-0.7174622903382739,-1.0,0.06834821652074452,5.141719091133732
-0.12300227325087976,0.24921556914154896,-0.7615248471181231,0.16307144769571497
-0.3303064842203176,-0.4081158195792889,-0.6089039694882568,1.198807776128613
-0.38298777939048145,0.6055242570850574,-0.4900979332716906,-1.5916237935788202
0.966659196195012,1.0,-1.0,33.80034959073275
0.466066528061557,0.03289826898471393,0.9700392204411812,-0.03052547614769832
1.0,1.0,0.859703076258278,20.53050520980267
0.23092981351164332,0.7613253504534372,1.0,5.858358343642341
-0.5856036556942743,-0.5791213230259797,-0.879682012507385,-0.742557284156935
-0.4934045620035845,-1.0,0.4255317899230753,3.3632174825523515
0.2730436303291457,-1.0,-0.34537017653167523,0.9574620919405397
-0.42066625191646323,0.07232283023902708,0.43765348123881376,-0.17971068517051425
0.4887322095776663,0.15276409118766487,-0.2663636012105959,1.0539055283127625
-1.0,-0.21696389353862222,-1.0,7.895807481315332
0.347355232397182,1.0,-0.9804739652572283,6.287536092655246
-0.543533572337789,-0.6339448222689492,-0.889460522030471,-1.2302828087879205
0.07715024829932426,-0.5662018886115245,0.6481187736094574,-0.24895765635030212
0.5302404154265761,-0.3381266385849848,-0.8134253157066929,0.6173627876147189
-0.5117213097995836,-0.04292752528429711,0.5974672617492016,-0.1596876438083799
-0.8426621728143686,-0.6970665927650921,1.0,7.2316214532171195
1.0,-0.9017156097210288,0.19163782189197964,-2.6071643802499316
0.11028323065443746,0.9124997834309492,1.0,9.803200759360395
1.0,-1.0,-0.19777014541857008,-9.061460374062538
0.3051859161844126,0.8712580980828162,-0.8020252896496187,3.1407107936913357
-1.0,1.0,0.7416540881853855,1.5505832102128974
-0.7707154067165232,-0.9822951340543586,0.3697149092809422,6.655300641768144
0.9547574243525156,-0.89152649674123,-0.18472237588178153,-1.7226836425312397
-1.0,-1.0,0.7486511245321656,16.603354291205576
0.4504239118452966,-0.7608655172653838,0.35794386465490136,0.19025689092509468
0.6339200251270558,-0.9866102291583985,0.011807298855024184,-0.8600398212660444
-0.24991493470167425,-0.05727245543251791,-0.7069838045436603,-0.1850951260959494
0.203956459221865,-1.0,-1.0,-19.23384705561011
-1.0,0.5520842168794295,0.6092495769183255,-4.592148403357226
0.9749972832014058,0.04741243936678585,-1.0,7.643600619392019
1.0,-1.0,0.25624719701091614,-7.923640280188324
0.6308882705151069,0.16231021264239875,-0.7158932914009768,0.7843612131942647
-0.4710549203759917,-1.0,1.0,-3.347789845369827
0.7425570654148412,-0.7028637053649336,-0.0039944447973216946,0.4044652999558782
1.0,-0.06319464439295963,0.14576034977640973,4.9039981591164565
-0.6342433926250002,0.5042031716586517,-0.18704078216343567,-2.1971345306727006
-0.9201143670993579,-0.5727717032000699,0.21027112763558087,1.7303183333924583
-0.18004440198524985,0.10967706689364398,-0.177723887974629,0.29893442270826437
0.6815853181260103,-1.0,0.8558928826798313,-3.655280834956544
1.0,0.717514148596941,1.0,25.339671303743486
-1.0,0.10222169919805046,-0.027236129908368767,-4.8500797630509265
-1.0,-0.6787843804368177,0.5668227615805697,5.217937021072398
0.6387400703133761,0.45066054345159334,1.0,5.0429688306981655
-0.06412615983751402,0.16033447822914626,1.0,1.1052826496077661
-0.9727008352713229,-0.30359720737124385,-0.2279756281399854,-2.7428093843008248
0.6837783795353374,0.013647147023673867,-0.6828686330177236,1.0696537446193557
-0.0818376549149975,0.31485935267696097,-0.3979535144301496,0.1836739690572027
0.5263790132783992,1.0,-1.0,7.443676729675154
0.09425640882937802,1.0,0.6625898894152025,8.714242993071505
-0.21337931608223992,-1.0,-1.0,-15.998327945170576
-1.0,1.0,-0.7560207119237863,13.877697323211962
-1.0,-0.7662864956478206,0.3674605211772468,3.8588427043780453
-0.7219974139488854,1.0,0.7203517879712624,5.465221194551713
-0.9831882986948497,-0.2646055918680621,0.5374349453019394,-1.475965864018995
-0.1982429219228048,-0.07549575872389713,-0.22051816623077314,1.0134467014869757
0.1698036658533466,0.31946553151292933,-0.5962748513517682,0.7611304909145692
-1.0,0.16801986097744548,1.0,3.006478554965597
-0.49000206339774066,-1.0,-0.03748947507652978,3.97368333585583
0.29713896624645364,-1.0,-0.9485065297699464,-16.38653264383937
-0.4798285545318004,1.0,1.0,16.280716718481205
0.08040369907123712,-0.8712155721324937,-0.43870432329087383,1.3558209787136895
-1.0,0.7888656794647482,0.8379617207717618,0.9563699403025855
-0.3550541020238216,-0.4115490175768659,-0.5302272326729878,1.017791436849806
-0.7741777009244246,-0.8377491654089064,-0.5699211709319278,3.574860361674225
-0.8047141895352192,0.9328582361165467,-0.4938582816057162,2.1670605315883043
0.21346674795450316,-1.0,0.5153001172637652,0.18562364870580614
-0.14269380080006333,-1.0,0.8169184467184256,-2.0410390913426326
-0.9411669863718319,1.0,0.6329187018127331,0.9895543946650377
-0.07311414875842481,0.9587906625105305,0.767568595918509,8.26023860571402
-0.6524454532213317,-1.0,-0.867290716174429,-4.699426062424933
0.22124636429797828,0.9011808375756225,0.9610393162127202,7.359543269396158
-0.9824622678039281,-0.7113043476050853,1.0,12.527348809590281
0.11736023532472184,0.9509734536126457,0.44156434240325315,4.723947204748699
0.9520410113983218,-0.028655529747199315,-1.0,5.246055208249347
0.2452391907642293,-0.3178008497774123,1.0,-2.0002249132200816
0.3413148834099269,-0.751993056068943,-1.0,-9.704957110444687
-0.5352760437828492,-0.12411462770877013,-0.24855671623508457,0.9198331005101231
-0.8892980022804502,0.7527172448303407,1.0,8.868139698284459
1.0,1.0,0.7176159695657307,17.486513724875746
-0.3234546464953292,-0.9424684947598077,-0.30448505859212527,2.865880124553855
1.0,-0.020534278977364817,0.10413681974776456,4.497418090499373
0.9254889856341983,0.38069580323264374,0.15732317000720086,4.688065748979542
-0.825014085777878,-1.0,0.8141694263279959,8.098326299682302
0.211730463297912,-1.0,-0.5817176133628457,-1.9420335654874232
0.23088111207025963,-0.19025917784477198,-0.7709084802777633,0.3640152663938475
1.0,0.44368324115948954,-0.6212075766451426,5.282995636847361
1.0,-1.0,-0.36718924696146416,-9.490316697866426
1.0,-1.0,1.0,-9.318181214686984
0.19244169237748765,-0.05892237679652057,0.7801100711950097,0.31770390107197993
0.21923198312950998,0.627184710239352,-0.6681031566560816,0.9764604825857978
-0.6953324747730778,0.4538947592716931,-1.0,-0.3025143694163859
-0.7042845812407399,-0.8449518351435894,-0.6156173214891099,2.2718836315594477
0.8784765318802958,0.5249369990650936,-0.03713145455647715,3.6045915026510142
-1.0,-0.30541563877897415,0.36723297041732517,-1.9937816286041996
0.08395100251580678,0.1351733370163557,-0.7067650124508906,0.9190344878864329
0.21474935058749467,0.7155731106537371,-0.5416751342256305,0.9146784985581784
-0.497149290252056,-0.4581097238163554,1.0,0.9333194367396156
-0.8273983190421663,-1.0,-1.0,-2.846540455973388
0.09536551166266505,0.4748992121632982,-0.6011659718875153,0.9691047523353553
0.3953929025039007,0.335595257169113,1.0,1.793129762578374
-0.21370730376733515,-1.0,1.0,-5.0546636794734034
0.34559820402664476,0.3378080642412755,1.0,1.7135186939285298
1.0,-0.07803817738150509,0.06013918834612486,4.664749694929638
-1.0,-0.688047381006478,-0.08635979721718479,1.044620274124535
-0.7034362374562404,-0.2964544962963367,-1.0,1.3136688313763387
-0.390589217625255,0.6436408257855515,0.33536917623317164,0.39579407637811137
-0.9916453375941121,1.0,-0.6934033071968853,12.731510605098514
0.04783987759390018,-1.0,-0.12982684758349183,3.040356102726224
-1.0,0.9405688696327958,0.34533071199889154,1.0291963954165033
-0.3143614324945496,0.1918226518099322,-1.0,-2.2754371190206175
-0.08457273027669565,0.3597981674933133,-0.7975434839247988,-1.2107146764694687
0.7341136117669325,-0.4858867587264335,-0.4651417056129161,0.32430765787777427
-0.6508346085729688,0.08692963390692565,-1.0,0.5624131330385559
0.2033046969735115,-0.47415368010283476,-0.46360344998758607,1.486443178922186
-0.23990453984916482,0.5127775987484944,-0.21815301795979436,-0.44634509160768454
-0.4618881673294457,-0.408773811231119,0.7026701093504333,0.5342998436964257
0.6748137590933503,0.012716451136905338,-0.8834008535193412,0.8342430959225278
-0.38505970843716786,0.5192235865060779,0.9138870219009096,1.8746422409311294
-0.15126656081172452,0.9873745070820845,-0.10662800948394846,6.557843642332467
0.1983154042693802,-0.6480129506908161,-1.0,-7.921662804165868
0.1504136629394981,1.0,0.3834347318455038,6.618120972672575
-0.7513969741984627,-0.10478900411505232,1.0,1.859551024570218
0.06860655863957144,-0.8228704139815175,0.018426907570638473,2.1257962434159228
-1.0,1.0,1.0,16.76892200877139
-0.17392946444996538,0.741546928387324,0.07368963726924527,0.35799740913135686
0.6753850070119585,0.8009727711307133,0.18259853914215252,3.0089334365501395
0.023846913839077333,-0.11955879558349358,0.03547251276183716,1.0211849497148708
0.2569800595410494,1.0,-0.3440352982401196,9.380220442991515
0.011126793001268398,-0.21108999537657813,-0.6124392494688462,0.7449279598883364
-0.1715144424481343,1.0,0.3033800786542926,6.9211532287884205
-0.591196244376923,1.0,0.019283701231679773,4.874124120809787
-0.19338462839669246,-0.14895138757482718,0.010435706217752694,-0.2696913803674141
-1.0,-0.6330643745411741,0.17057675053141597,0.7792214922468922
0.17866361701062528,-1.0,1.0,-6.859771493918825
-0.41950552086047477,0.5880831567425524,0.6681515951992738,0.14235236394405557
0.13969723202944673,-1.0,-1.0,-17.853049613852168
0.29616039971769137,0.9431238555460291,1.0,9.237973962000783
0.6616915383534792,-0.08883977124033104,-0.05877082467976802,2.2186449937141837
-1.0,-0.19860655908196057,0.5429768107128417,-1.9983116144565842
-1.0,-0.06828566546427473,1.0,4.108097037581977
-1.0,-1.0,1.0,22.021581541955577
0.672956807742183,1.0,1.0,11.966767007154218
1.0,0.10135785046837187,0.701326568822451,9.018662430364937
-0.06361678190485387,-0.3023751078766237,0.12229922728819664,-0.10807355144669084
1.0,0.1575421207762917,-0.30520665657741275,4.783659754319206
-1.0,0.09897459616990689,1.0,3.1246785818312084
0.8363649912899831,-1.0,0.0773968464423187,-4.632549546397369
0.8996222234905107,0.8750746523294075,-0.7787873211992449,10.655280028416252
0.5511071801435861,0.486188010268811,-0.34977215693250363,1.0442784446620248
0.6645041597514754,-0.24424873756725285,-0.4291597264966618,0.8190190140992754
0.12101958008083047,0.3558606247773197,-0.9388967037867937,-1.8029540886773585
1.0,-0.21987753280436895,-0.24638259103586657,4.179805990608518
1.0,-0.46701932854353334,-1.0,2.571147825137704
0.6231426824158728,1.0,0.9383463930257023,10.349686191921926
0.7334247339999551,-1.0,0.0030403125932527697,-1.7689905891916062
-0.26760427445156676,0.6340827841501455,-0.952456243927416,-3.211002839950024
-0.37830090345792455,-0.9404906845329761,-0.5950705381343628,0.8916194890248778
1.0,0.03927729990791651,-0.40919546315090316,5.328763966722648
-0.6179287711738137,1.0,-0.7966781613349367,2.4437949810795265
-0.8809745854021673,-0.7324436023822953,-1.0,2.6057307950602895
1.0,-0.8034351091907566,0.46152564880879976,0.01878770089584536
-0.07289519323068294,0.5353198652409499,0.29593212040242456,0.11491429895337896
-0.2696820265844746,-1.0,-0.5705956102460599,-0.9575160518718673
1.0,-0.2967431641562166,0.8166425980654193,7.712250102623853
-0.04440973908756507,-0.22364505478299113,-0.07211024631177665,0.6663185721926016
-0.5846940204254123,-0.8180753472292663,-0.9627725559010682,-4.218548156846391
0.942718191023838,0.8255744837496277,0.20317721352269946,7.51692631993179
0.28512845597780334,-1.0,0.230287264673535,1.249458156725469
1.0,0.004597531192449322,0.5310999477215887,7.4575541860545735
1.0,1.0,0.9308067195887317,23.4590076835602
0.4751040495312391,1.0,0.02127701678316285,7.991829505398613
-0.9139912029475625,0.7535857620176376,1.0,9.876034327461273
-1.0,1.0,1.0,16.476769156620026
-0.1783619446448803,0.342501504015297,0.3500992444066098,-0.5214581372141105
0.3946984665630697,-0.30531864616862725,1.0,-2.7389361324351427
1.0,0.8661815037769318,-0.09584028269678924,10.10257257018712
0.21671815172635234,0.29811585401878515,-0.5961332199987055,1.348846350371885
1.0,-0.26980113902970104,1.0,8.203009865365056
0.6659456814091484,-0.3334483992874293,-1.0,-4.228213352567032
0.40289370694941473,1.0,0.2941755114062934,6.6660267957849175
1.0,0.8856304192890077,0.1882749195260911,10.57781366374397
-0.39345743115010334,-1.0,-1.0,-13.91903081783749
0.32825327143183336,-0.12186775500674107,-0.6069778259218208,1.0179890948313548
0.4991520191794905,-0.7575015505544884,0.3173438464176921,0.7846635343104517
-0.32676662652074295,-0.4169073035515065,-1.0,-3.8490322292191594
0.37359436589186856,-0.645639203536877,0.7655514002909611,-0.5055930084266211
1.0,-0.13589647201607313,-1.0,6.163247819847595
-0.390083426756473,-1.0,1.0,-4.291518685635879
0.8221589372942375,-0.7754928150334386,0.9041097106336731,-1.7996461005223154
-1.0,0.3641232141634527,0.16096553082419818,-3.580592290324905
-0.5017852596319261,1.0,-0.153851018169757,5.758227278612112
0.783083655656611,0.2009522382875466,-0.9778068843519461,1.6136402801544447
-0.10930335226505838,0.7909662990330648,-0.1649618748088455,1.2666286869028551
0.689426085471049,0.1872950231353121,-0.41016891343062234,2.089474632146503
0.8005609685963997,-0.09405544059520654,0.4929750459258728,3.1583365208337275
-0.7547220782792083,0.33354311082076316,-0.5510266517409725,-0.33862367167588026
-0.5472425780858154,0.8196203774243476,0.7427018792237892,1.8607813693254027
1.0,0.7195650908455404,-0.04916977052961413,7.985301982787389
-0.17828928580028758,-0.6592388992335461,1.0,-1.418569173567445
0.4549147414516592,0.0396271691069956,0.14744595515393133,1.7259791001185638
0.22774832281757895,1.0,-0.612387821822326,10.34905533929161
-1.0,-0.6603868459675233,0.7135705973748365,6.271787113309452
-0.08001062271746906,-0.9293127524930505,-0.8998719866531262,-7.396771376409649
0.9442106804038473,-1.0,-0.581390507126138,-10.431746252118177
1.0,-0.2630185009775705,-1.0,5.510646195479756
0.666321444510678,0.45318582011134256,-0.5155042662332967,0.9159293967702571
1.0,0.724704298016694,-0.6745401946638176,8.886594841927588
-1.0,-0.18132885919307284,-0.03426928472137836,-3.740234867495432
0.7595477599370872,0.117104593328335,1.0,4.227996197476076
0.33624144154349156,-0.4673947107823164,0.22396864356095114,0.8578640669192508
0.41523564654736145,0.37981194762900494,-0.5960895039452268,1.401739423094489
-0.7418406137790079,0.22479027381583316,0.5503739875327147,-1.6034599347521334
0.6476908053976851,-0.48764217067945603,-0.3786853868078044,0.7088934869759556
-1.0,-0.3377109654943742,1.0,6.2167636084430375
0.06243292962196145,0.23669948422509712,0.02826315602922458,0.3426510991630437
-0.6461016311535248,0.21015092732954765,-0.226844282317759,-1.1472891555742724
1.0,-0.5209435723990634,1.0,3.7901200788812712
-0.27526515374433647,-0.5776197145933413,0.732265824899818,-0.16252975124979638
-1.0,1.0,-0.36565142323169275,11.655888359787829
0.08880975079445808,-0.610179966083378,0.8301261436913192,-0.366568815074798
-0.6989662906150158,0.3801581801201306,-0.017958209624415522,-2.240000944425758
0.10460901472562867,0.3639604426851353,-1.0,-3.7813026149128093
-1.0,-0.051545212330960766,-0.06332282422016311,-4.069445188444197
-1.0,1.0,0.2807896447557998,3.8623092970683333
-0.5059458973060116,-0.1890057189861858,-0.7235019326183272,0.5366530163623668
0.8285034913581064,0.44476307937856885,-0.5700538918012974,1.3353842957800244
0.0729312969494138,-0.3951981371683566,1.0,-1.5358176353891506
0.6896033978073695,-0.7141734399367623,-0.6065666937765126,-0.5302406039811401
-1.0,-0.3089497757180919,1.0,5.616276324367571
-0.7492255088443356,-0.7465072886648754,0.8136470857903177,3.9246126885831765
-0.005383394363003724,-0.21688872768145262,0.02575605459612773,0.4953895489441279
-0.995696036207864,-0.6396052353454846,1.0,11.770264959405317
0.12748795232261356,-1.0,0.29630984730464816,2.1804823688006967
-0.7052143179591375,-1.0,-0.11508386030038897,4.920833539981307
0.3417447863710821,-1.0,-0.24448470999902305,1.0975376314795013
-0.29859874755960214,0.07680992436387424,1.0,1.7109815730953728
1.0,-0.7422043997545871,0.3687717996114279,1.8516834590496942
0.3984066163377151,0.4878997467830475,-0.23431940082218383,0.9766165217814494
-0.5022466902308982,0.11029185431490451,0.0018166292164358833,-0.7165429300799403
0.6982390263679901,-1.0,-0.15589429879425576,-1.9743029007673893
0.03431414469721972,0.9423752541980808,0.841362808296463,8.099793303664873
-1.0,-0.5992941433042134,-1.0,5.058005026086242
0.8630373438502494,-0.7060423874741848,0.14582830175176476,0.7274550817478601
-0.5827149247796299,0.2716260509558077,1.0,3.128577137170254
0.3607495293927323,0.2841821250318102,-0.19278627061620512,1.0796501255535007
-1.0,1.0,-1.0,21.17077338382061
1.0,-0.023547081565173267,-0.3719576941954541,4.646996497367885
0.9465031284082168,-0.8236023285945118,0.4581305156318429,-0.013125548579235743
0.6930767354600627,-0.9833734826976814,0.8305256325645998,-2.102753459771911
0.7072634715436508,0.8094790685118591,0.5163909568025999,4.164285499695152
-0.30641356980404644,-0.09253073867309691,-0.42736848195567756,0.9414042240508216
-0.5172253194770293,0.3954948328898724,-1.0,-2.1565765821864322
1.0,0.04365132786909043,-1.0,9.499352476168678
-0.4228668513971938,-1.0,-0.5062196884340118,0.6575231727962898
0.8429502613229383,0.5822287725010724,1.0,13.352967230361546
-0.703549300306674,-0.8973653085011728,0.4414314747616823,4.227083263358481
0.39660332493665584,-1.0,1.0,-6.687276597837796
0.03989444042273238,-1.0,0.798577918743463,-2.3539161072142853
0.3753658483601163,0.7444343951639367,0.22604065674464247,2.2657886628706194
-0.3024001083514116,0.2379094657613101,-0.8607380687711834,-2.233745419442397
0.3609081448792626,1.0,-0.27765171117388343,9.360576636597708
-0.6037003065540887,-1.0,0.7492973860452679,2.464784924535627
-0.4332419641519061,0.3477077127140782,1.0,2.9091344189331334
0.6940017398612366,-0.04074089506227163,-1.0,-1.7152919181830872
-1.0,-0.5212220334167801,-0.6627660721992836,0.07447992767290351
-0.1212715179030297,0.5633987438268906,-0.5121185933369774,-0.00243167618798178
0.42212572944222826,1.0,0.14285045728639578,6.8903084451029954
-0.6666783512214609,-0.1985281708279274,1.0,2.0872169983573916
0.33661529909503907,0.7347556012478593,-0.359909256190899,1.7253204033844043
1.0,-0.32037532690575476,-1.0,4.510735873039894
-0.27699634864066214,-0.6609949295678337,0.9303154301078205,-1.3735013269746865
-0.7348236232109273,0.7058981932929893,1.0,8.093057540175778
0.5984734680502235,0.8577496419705906,-0.5094784317138759,4.266649550315473
0.938985975331164,1.0,-0.3202973941612899,14.607344038304387
-0.16909123524989988,0.9222761049986963,0.3096774391325561,4.04091547743208
-1.0,-0.5499808545496279,-0.3052182205168512,-0.4838025580054126
-0.11933326644668685,-0.10026112835297174,-0.08574142830541587,0.7463813819728808
1.0,0.06246955529536491,0.4767568751396887,6.650024827150859
-0.658808394024935,-0.5719928853058778,-0.5531007757029811,0.9786820238519082
1.0,-0.08716407243129476,1.0,10.96564629892022
-0.30300308111333907,0.7284359101756963,-0.9481470382169292,-3.1312018785003777
-1.0,-0.10880231196981227,-0.25295841905824323,-4.128938977867471
-0.04858862630135441,-0.9616200407503921,1.0,-5.638226145902054
0.5528303650512281,-0.26741618057531324,0.46716635656377137,1.8616604439280826
0.009069463558417201,-1.0,0.8548101624234024,-2.686224626388124
-1.0,-0.20115278709624085,0.9565350714339764,3.040445434463056
1.0,0.894116396062917,-1.0,26.340741493352343
1.0,-1.0,0.898328921555632,-7.635909296154111
-0.9065932200520048,-1.0,-1.0,0.581838491494649
-0.5843473345386898,-0.10099380879694064,0.1856514920721415,-0.8581567589099524
-1.0,0.3625639272275054,1.0,3.936175112297795
-0.14473721953598195,-1.0,-0.6763983737361792,-2.433011948514285
-0.2638063794711425,-0.6566560612965613,0.14912003377228777,0.8530136018947763
0.7294299055359084,0.4556850467392122,0.49100715912718784,2.735442281308922
-0.9377461803687086,-0.17999379150701045,0.13823322572982288,-2.903319003260962
0.16546513928074247,0.7417073655618767,0.2456581234662012,1.1795889873031555
1.0,0.056845967039435896,-1.0,8.667605454616691
1.0,0.6387976238262767,-1.0,14.444419937564145
-1.0,0.614839488906094,-0.8854978262746971,11.71289094125261
0.6520293439268132,-0.7725524203874954,0.9399862200787736,-2.0241712227739557
-0.6317413267268852,-1.0,1.0,-0.8113168144543329
-1.0,-0.5117854331976963,0.0620482377991558,-1.216337904292118
0.320220841797777,0.028686332360921662,-0.016176961775273835,1.2363237126032764
-1.0,1.0,-0.8989371820456944,16.8149350551398
0.5205502088870788,0.12637611349611344,-0.18234064583301168,0.711260832831552
-0.0700456478158531,-0.6580267750815396,-0.4251977942237817,1.7773811348430315
-0.737622706647703,-0.9643604408527009,-0.8374324506936386,-0.9014394637966973
0.22676526887093584,0.03170184572370416,-0.6371631712826344,1.045947334750638
-1.0,-0.17912314772685867,-0.33828740318534867,-3.170705471211856
-1.0,0.9462178444935776,-0.5743508285474812,10.283111473629234
0.3289468833225211,-0.7810144038921367,-0.8357062381893112,-4.288349889627179
0.14659066546343968,-0.4016313690448048,0.43384386861547775,1.4323469449186557
-1.0,0.11306647110788948,0.7536451536487636,-2.404800047805834
-0.6065425485147617,1.0,-0.7017142079055503,2.9310151336350327
-0.9359503279961252,0.36129295642770787,-0.9707163740966618,9.048084370008555
0.22976953726669302,-0.3281494523394337,-0.7841957492025393,0.27615907540807977
-0.43200219226941927,-0.5012027639762555,-0.6663960305990486,0.5102973175406698
-0.7014023438179104,-0.547476842612105,-0.25969227017806995,1.5383963444877726
-0.5162998801022332,1.0,0.03758063075345319,4.966347837370962
-0.6240216103014611,-0.4767674075885424,1.0,2.3379712270939175
-1.0,0.5027121972750435,0.45136979338471983,-4.068260314905798
-0.27398153271556724,-0.8546888272176314,-0.1658622348290646,2.4042530918791085
-1.0,1.0,-0.31062970785830823,10.50475239488891
0.8991717963066514,0.0787007442979768,-1.0,3.1870152290685656
0.34587690630659074,1.0,1.0,8.930708034638865
-0.6526567058773514,-0.8214974176061496,0.18232524080904455,3.416690300743282
1.0,0.42204785534598677,1.0,21.201028088500983
-0.3894177285746394,-0.8782671030732763,0.8260811367659053,0.360697109485312
0.8960124925354693,1.0,0.27747624376424573,10.022797508681444
0.464626871318192,0.07700691675784599,1.0,0.01413012618410487
0.0067378839319240935,0.31762607443749924,-0.10869209942608049,0.2916914464551567
-0.4483260285077699,-0.00543640641473031,-0.41633761255344637,0.17254444580034728
1.0,0.04164042410310498,0.5439666142974278,6.950227869470892
-0.2402116410522137,-0.18173350856310777,-0.006645694802349,0.7717075550484067
-0.875175061764796,1.0,-0.3233715479788606,5.82120243359704
1.0,-0.07151905065276853,-1.0,7.70346142522132
0.16067749016592403,0.22419926150833658,-0.5122701906716396,0.38859821202460815
1.0,-0.774414068678706,-0.5393852033366024,1.7196073734212272
-0.5912230058090726,1.0,0.16507449474782288,4.304070249715385
-0.44764473050886444,0.07552248578185927,-0.3018469919958846,-0.3510972089870815
-0.765444206196185,0.09493038055595626,-0.06222906491148383,-1.9934614200185092
1.0,0.17337622298444955,1.0,15.56264165963635
-0.26066255390083026,-0.2778376136529761,-0.6450324274213621,0.03298253645515509
1.0,-0.18324583332398592,-0.17293911901009618,4.652682791554542
0.7466069357336953,1.0,0.1505284331170227,7.990008291186271
0.7433639294943408,-0.41739018341734546,-0.6856439349788193,0.8818595647012877
1.0,-1.0,-1.0,-30.458574189720636
0.08049845980346437,0.24675455145096237,-0.8514476732111271,0.37774450537089754
1.0,0.04225990938183788,-0.6179340984569921,5.627490958429291
-0.04202956987437023,0.24166335638633796,1.0,1.8221923767674606
0.2049914655489271,0.9700783062550753,0.29530172465363447,6.610331773316459
-0.656760924744574,-0.8422224806345,0.48415758510666573,2.8194913406641517
0.24828657431754375,0.4010290481397636,0.6645010517588399,1.4937310954586596
-0.37155358053713883,-0.42986178185639634,-0.2388579476724242,1.0733752483259433
1.0,-0.5496707972719814,0.17514032985803696,3.3410399013682084
1.0,0.5624715727140448,0.36260094140627763,8.687136023043452
-0.4269116798522914,0.4940366758580914,0.19036991520949664,-0.6989863919653504
-0.5833817388657849,-0.363434981757879,-0.6480096793505326,0.9441132847564432
-0.23565109076026847,-0.18251513713724044,-0.5828219062786995,0.4883226269135237
1.0,-0.8322001180716361,0.28520236616841066,0.10804974235692986
-1.0,0.7389007644535379,-0.680630309364683,7.124028139959179
0.14004010780138465,1.0,-0.3059588565001927,9.226842031156927
-0.33309163742899006,0.805287266003351,0.4996035520900848,1.99765608214997
0.8032185730486736,0.7386491669461621,0.7364638388357252,6.540718833412907
0.10872153875187784,-1.0,-0.9363639065901026,-14.648781486536087
1.0,0.94111294963603,-0.0008271622933448963,12.08927588626208
0.18843578260909521,0.08226674377939025,-0.2560886002438678,1.161152577100545
0.12521486270271276,-0.7733702345692013,1.0,-3.648991689594474
-0.0068866002649285996,0.8929865378621422,-0.16601119261937858,3.059493099046877
-0.5967285251349908,-0.6965282400457424,-0.5120908817635266,1.2988664282577482
1.0,1.0,-0.16588007907993596,15.283727659025564
0.6332251609839794,-0.6968988345038931,-0.44940843932333374,0.8518324315441741
0.08973832239663815,-1.0,-1.0,-17.606670133257392
-0.32733610944024205,-0.005715577682151363,-0.5800361706124664,-0.47115638951567435
1.0,-1.0,-1.0,-29.35191663470555
0.04544234445567685,-0.42068134869101104,0.9259661288470022,-1.6648385734410098
-1.0,1.0,-0.6894357663281769,12.855345001972834
-1.0,-0.9617404621688359,0.13187759807392263,8.439681160763747
-1.0,-0.7741980031477331,0.6716449905349247,8.405105323977368
0.5634876682761802,0.30814518061900054,-0.3550688509749771,0.5009596417405925
0.9201497674439887,1.0,-0.10780859175428881,12.482622849898826
-1.0,-0.5932341428317516,-0.42476087731753687,0.09580082283259618
0.6105217978624427,-0.22302718290141454,0.15202208066301437,0.855429329819703
-0.4740320174747039,0.9841872917047045,-0.4107967148030083,4.9392385631723235
-0.3078445917097534,1.0,0.5402187836859897,7.272853501073448
0.9912495501686647,0.5293846978878711,0.5136184651229525,9.726438780170163
0.9277547832315545,0.962609861285368,0.1402488874107357,9.793033467010657
-1.0,-0.6274911182792777,0.4461190965123525,1.9847711053913375
0.02100070347884464,0.33313475765978207,0.749551887203906,-0.023258882264362624
0.891425322924881,-0.40913191800886195,-1.0,-1.894180823212591
-0.7553951825259633,0.06307708740930851,0.9635964384681752,2.2622996206717683
0.5438725054364033,-1.0,0.12616875081558998,-0.5934431954969439
0.11355178690310597,-0.12967108639246794,-1.0,-3.4412289948554085
1.0,-0.9533046337395756,1.0,-6.4122677873736995
0.06860860961712945,0.01376341975654305,-0.43186727102544986,1.0995213064890699
0.31035519755643004,0.6870372936564686,-0.14372191210743535,0.9259519988527205
-0.5230180565496387,-0.26752189883445543,-0.6459205527847327,1.1775769213814007
0.8997801744633784,-1.0,0.2613564110567641,-5.065010029839509
-1.0,0.16201974303656752,-0.19623313456583968,-3.8284676274034677
0.13501090190567533,-1.0,-0.347342662613062,1.0686046476919018
-1.0,-1.0,0.47355774207120516,11.592924924202881
-0.6887724375160025,0.40305871885285627,1.0,3.189850894493499
1.0,0.10478114701841634,0.43152270572979146,6.683351105000496
-0.23527674644353858,-0.631623238610654,-0.4270490862039993,1.1433592165459232
0.5647994883727536,0.011135568483105818,-1.0,-2.457435320861904
-0.4761972691365117,-0.12156212008212552,0.42252565710767365,-0.6263010287770612
0.14837618725617485,1.0,0.777535316755668,9.402528630162445
-1.0,-1.0,-0.13649005887574073,6.519243610144249
0.12809248116302974,-1.0,1.0,-6.008581714420144
-0.14801550271773967,-1.0,0.4437628797275994,1.7747841187846412
-1.0,0.7044118552036123,-1.0,19.23784594219766
0.2541542309283271,0.37832870400480867,-0.5076800637998,0.7781810327913337
-0.07623191201563384,1.0,-0.29731263571476707,8.056140066695175
1.0,0.26991973018429727,-0.712118597077932,5.948939566553368
-1.0,0.18135491942880266,-0.05830401072878688,-4.2482123803274225
-0.39159687521081454,-0.33938273762728244,-0.8378243872450779,-0.5677373957727703
0.09260288207346012,-0.37615082888486695,-0.34687387490654675,0.7831702864314491
0.48405261596315685,-0.013856469095060442,0.7643536247035316,-0.1338619776762956
0.16213394597226438,0.03173602003417075,0.8067133534617195,-1.1173775924066167
0.7387078013698651,-0.7142011924938869,0.2993019970031203,1.1039931965138012
-1.0,0.42693107587422197,1.0,5.014616029519655
0.8566846049068304,-1.0,-1.0,-28.205902844547513
0.19700569476831675,1.0,-0.308370642189685,10.130746043681619
-0.7758933662387577,0.03903734605018627,1.0,2.272829045700287
1.0,-1.0,0.248254974079529,-7.173905408864785
0.42216061397952265,1.0,-0.4939079831869593,12.581675150438338
-0.0631341019922882,1.0,-0.9420867284045813,5.96411988987323
0.825986600901705,1.0,1.0,15.494808524811209
-0.24633775283453252,1.0,0.2595934271170377,6.870555754331561
-0.6219936479374886,0.31494691281702036,-1.0,-0.09585204367285166
-1.0,0.3988356681101486,0.738009794839146,-3.257513431681984
-1.0,-1.0,-0.4518584510260344,6.09353675096618
-0.20126321635548705,-1.0,0.8473560226542953,-3.1389051490636
-0.8789526237216698,-0.9839686558656904,0.13939355340894077,7.347653500783287
0.3007020738849524,0.8701546564192175,-0.05992106094541794,3.2622589169121476
1.0,0.23717777879995428,0.6959032329676003,10.427157182243192
0.14395815763038078,-1.0,0.8185706644867912,-2.7081501746797483
1.0,0.32915815642864765,-0.5237228850125895,4.669839183530275
0.997428923490006,1.0,1.0,25.9984400486246
0.18159272034203533,0.09097489976905315,0.7787164584119974,0.15637899050349574
-0.6760019275923739,-0.0019549508268079663,0.2348204747831768,-1.1292377985590016
-0.10818757834146653,0.4642760723600312,-0.4469580289578763,-0.1328483947806916
0.5650953551600248,-0.6116128606875351,-1.0,-7.836541207338572
0.6932950451647977,-1.0,-0.8241039394688785,-13.79033001786617
1.0,-0.5532140933282383,-0.7505217368795443,5.599324487331595
0.54666238793093,-1.0,-0.3269338955663801,-1.1424697286734786
0.43520561802964286,1.0,-0.49148492020588574,10.596252638110537
-1.0,0.5305945494439712,1.0,5.100889970425833
1.0,-1.0,0.2734599165190623,-7.5960184450782515
0.022032885887179665,-0.2320563100313302,-1.0,-4.1671111146675015
1.0,0.8396879418203818,-0.8355039653547878,16.13569847508106
-0.5294941900659278,1.0,1.0,15.875686926894664
-0.12495741657551718,-1.0,-0.3061335038234345,1.6580077094741972
1.0,1.0,0.39305615474842615,13.420103870468107
-0.5420564741701026,0.4928805726571819,0.8061786492276055,1.0248048282102447
-0.5845942722472224,0.27158104301534425,-0.6746868235139871,-0.3670713803114621
-0.1814594523168589,1.0,1.0,14.313554511237653
1.0,-0.5314245158424689,0.42457668244262425,4.020791156435263
0.0561664915266471,0.4381495187087827,-1.0,-3.1763259032812012
-0.42447011062026707,-0.41962932601381486,-0.24083942520822,1.415991996910277
1.0,0.2984610451345082,0.8609990461117425,12.888074225629747
-0.9659337291916357,0.5950024312655089,0.625721372797956,-4.579071793738311
0.6477592310824849,-1.0,0.879142592551253,-4.343313120326733
-0.042416083182114095,1.0,1.0,13.137734530745638
0.09956279757899056,0.2207518124720873,-0.3039921658734033,1.0245385139721583
0.04180682057904073,-0.4131584534411812,0.5067898591350128,1.1391691461742477
0.22795382915852236,0.663132541420661,-0.622547276507047,1.365539697599273
-0.18410079732283569,-0.7059576037368356,-1.0,-7.683842015216568
-1.0,0.10922004143016828,-0.6722003701504622,0.8576685684134856
0.1639015044244332,1.0,-0.03304878835624425,8.37935015673469
0.28416129830069714,-0.8026311728367761,1.0,-4.209925774175864
-0.6020547396510882,-0.6291091972489309,0.7430314602326291,1.4253236853059816
-1.0,-0.25029764477375194,0.5138282430360621,-2.061515181315241
0.2609959866857352,1.0,-0.6509907506065347,11.28141178836444
0.6560308737842542,0.33964772422609446,1.0,3.5651169821934037
-0.5938764893616846,0.40871345170983764,0.9256928314888568,2.2383919347236345
-1.0,-0.7534150826276871,1.0,15.198689297136724
-0.2952677951675369,-1.0,0.9354243152033914,-3.629987948090966
0.7161243859794166,0.7731231531298399,0.6163428872635157,4.9642949166054695
-0.975846212023427,0.6411370077030507,-1.0,16.116372085063347
-0.20427483639738364,0.3634366199360779,0.6821762413623234,0.11209442483225737
-0.08861285488995718,0.25191858111489207,-0.012350025237916284,0.19681942001405198
-1.0,1.0,0.3318135528718258,4.19123272608292
0.1566565052385318,0.16541380843054676,-1.0,-3.301191196988279
-0.2597717826810715,0.14393745588904272,0.03164909034256924,0.06701145999406227
0.8901399817423366,0.9116002429079135,0.3042868248071626,7.278184508407882
-1.0,0.9683724516175953,1.0,17.695598745869287
-0.4894819557879866,-0.3041917280184534,-1.0,-1.5660408163465416
0.37918430589756547,-1.0,-0.6947290757761364,-6.055509795727804
-0.08536102848576999,0.04834120275470788,0.15760127877239927,0.977178553821873
-0.05002301110646079,0.5275557989927067,-0.5280812163399333,0.3151507438965688
-0.9089671875795455,-0.42491541823257184,-0.6919173439422714,1.4647770191603044
0.7718366216758035,-1.0,1.0,-7.856119802851966
-0.11670128988865947,0.08367121296726121,-0.8064368983857018,0.629901641206064
-0.8064730023382263,0.7104897334916744,-1.0,3.8215010166733494
1.0,-0.5293061445922609,0.38913822202692483,4.135615823605457
-0.7328712778376334,0.6740915198148429,-0.5190286206352066,-0.9184653643424786
0.737115706499669,0.6901951741032688,-0.39166708422942254,2.400239059473731
-1.0,-0.07448154804139318,0.06189464429073532,-4.431941560163418
-1.0,-0.303432813101681,-0.9561641169338546,5.392426487787086
-0.2309994787042251,0.7626712539412599,-0.1085976606357344,0.31284580580506416
-0.8132994072537962,-0.07428395580073643,-0.5243707968133238,-0.10734808683312173
-0.6053500115669779,0.12027019023914653,0.41553559888261393,-0.6124300673370505
-0.19179086959760028,-1.0,-1.0,-15.05666153480755
-1.0,-0.23795812601797017,0.4850598748834529,-2.1336448735265914
-0.009493036559991896,-0.808462073009377,1.0,-3.4226050110651105
-0.3971560544526809,0.9833832724011238,-0.35849084909031137,5.649401246263848
1.0,-0.11567565000074453,0.011781609264613913,4.63772694953593
-1.0,0.050567237395645614,-1.0,12.468030221416011
-0.5882878914036322,0.46042910247761437,-1.0,-1.5678152900990034
0.7962387089919558,-0.3829004570403449,-0.3152068928224281,1.3729652351530357
-1.0,-0.9741186163671125,-0.20897306508027014,5.814380474768333
-0.6540475168414095,1.0,-0.1881345095651341,5.5524598992049095
-1.0,-0.6866043715867456,-0.1636376993796853,0.8358161399081664
-0.7744094694100754,-0.8285268051080752,0.5186481953188868,4.556399497077453
-0.052833691054857246,-0.8339166257507467,0.9627426443656399,-2.777099845776003
-0.16116858530813083,1.0,-0.1461403112817845,7.7995484939033455
-0.17029821119776534,1.0,-1.0,2.3502670550595
0.9860160559925928,1.0,0.1736776099056796,12.752531537697473
0.35940749943816863,-0.9299714222285731,1.0,-5.68278421014907
1.0,-0.7803201955523384,0.9159931038599414,0.6442050792044015
-0.3021274231593778,-0.36474582595830474,-0.916036466339091,-1.5941920013899586
-0.2148989268789867,0.3207423767887345,-1.0,-3.5770854282906384
-0.47669367918929817,0.1733383483152371,-0.8423797687372732,-0.7483547504186154
1.0,-1.0,0.5189859379738133,-6.338186653674068
-0.15382837985630293,-1.0,0.22732392362782727,2.496516269468756
1.0,-0.9306303441144483,1.0,-4.828629314940268
0.8389899912997387,-0.44424434694785453,1.0,0.12878529117389767
-1.0,0.5344853580004134,0.20245706154237397,-3.7591408008874336
-1.0,1.0,-1.0,21.364585680014123
-0.3454714923863458,-0.5054307200925179,0.7075015962083913,-0.37203688978386373
-0.9184336809906692,-1.0,0.5424498194830576,10.86546512536303
0.11328961480758482,1.0,0.6627165275373428,8.583686379306064
0.4193803703717196,0.9920928598540879,-0.789960431983681,10.24944440871549
-0.20035594766945541,-1.0,-1.0,-15.664547397698536
0.10243933018743023,0.7458056245701972,0.6080915155955395,2.1050844903784034
-0.6733785534887311,0.22423473840845265,0.04289450851649823,-1.4567152317677192
0.9790510596232791,-0.9441363781455943,0.06677975547898929,-3.966105711764206
0.8652279478020137,-0.45246438883107376,0.4596610011819997,2.719578915779247
0.7576301398315259,-0.723036953022618,-0.23626278111766208,0.9604739125040719
0.25072998912668587,1.0,-0.39059820191350303,9.4415157455948
1.0,0.7934207438984546,1.0,26.337108871457794
0.5459457484004349,-0.9449100593976016,0.07375213277310877,0.7082475806874938
0.3504195741722069,-1.0,0.7879495843629318,-2.6177436338414273
-0.40651134174357995,-0.06458236787765292,-0.1695460131385873,0.4403526972710368
0.9346719073430665,0.04391437594864511,0.9082097423586972,8.280023632146333
1.0,0.4485397082236524,-0.5985274337252495,5.310640381805845
0.1754766830079577,-0.2777423161788226,-0.913348367057512,-1.6433513689467925
0.5074219281380108,1.0,0.0548385536560303,7.843477641893999
-0.8127381194178773,-1.0,0.49065925382298703,8.053531573368724
-0.44728406838034873,0.3819052458373111,-1.0,-2.051429695218828
1.0,0.22941257371669677,0.21275619966553916,6.219668928292407
-0.653297247165203,-0.5139669962810884,0.8334746275624716,1.8219373437932722
0.695943818806118,0.29502334173614186,-0.7560247868566434,0.9626755364130741
0.06251354408611554,0.20316469112416002,-1.0,-3.835286392508829
-0.1302199538140183,1.0,0.5028190290450081,7.84983042864471
-1.0,0.3001349565284557,0.7132219659463057,-4.392408221657183
0.8496823597657934,-0.8379626245051133,-1.0,-13.284057109379019
-0.5234123429964863,1.0,0.14135934782599047,4.764150253393566
0.511504290542407,0.3914387163213682,-0.6340380777045831,1.263883573557809
0.9064492415085801,0.718612792339381,0.433982980703121,7.586457444866827
1.0,0.005273594856212371,0.3311325553562361,5.581745735732322
0.526380897672754,0.9083052714262541,-1.0,0.9142357230989422
0.6706540269935946,1.0,-0.09555013170753512,9.015146781697993
1.0,0.16895656242562396,0.8465817529033792,10.878418784720605
-0.0025479927038500882,0.5067501480305587,-0.8644475200178174,-0.8980708111766756
-0.05516766473830792,0.1813486697307709,-0.08498992095421265,0.4616697964393263
-0.11492597243895553,-0.27240459975581666,0.31304567696836827,-0.43462527348768126
0.49400292806016677,0.09599235112933635,0.04152713198868252,2.039145984536311
1.0,-0.26177068269841963,0.6853342942125802,7.116682952146146
-0.4270797911105946,0.19804563068312842,-0.18736998449508757,-0.5347049555802805
0.4355703611010835,0.7067820873431605,-1.0,-2.712996056007563
-1.0,1.0,-1.0,21.171794631694297
-0.06490878480638673,1.0,-0.17394301360164044,8.45347312758564
-0.9378548369025481,-0.11174076572039948,-0.5572279986330677,0.00599539398301463
0.8931572255191689,0.24567013947924976,0.288998647152618,4.012944835766827
-0.5506298219608086,0.7277879930046076,-0.34327425070630513,-1.1076250604910503
0.3371784079901512,-0.27525552107576434,-0.6937792554244298,1.1518994230448298
-0.47256425187647344,-0.5154258566224108,0.38702724910621455,0.598465375873019
0.2696926675984588,0.20844808366838197,-0.8993579516474968,-0.7553704508531152
0.046180916173260034,-0.6933486371554187,0.01919062260252069,1.7459838391726668
0.12841493372583668,-0.7322097392408569,-1.0,-9.376505943201458
-0.12608546809426224,0.1294747284464728,0.08558707266621646,1.0167850692311218
0.3884421193974599,0.12009610383322356,-0.036243254846520356,1.4179297280499306
0.7886318030319472,0.7159476992790959,-0.7654908310431818,3.4246385765881273
-0.6124526700317412,-1.0,-0.4040624616396078,3.0468793007147132
1.0,-0.49783160103302637,0.3712545296312446,4.7227686791944175
-0.16241423134007782,-1.0,0.37302776661798975,2.2921984033570295
0.058730779320573134,-0.39607840351727,0.23735105000394863,0.8525920216198376
0.08621772960957808,-0.24516583594577224,0.05502994250819593,0.3113910050160632
0.4719487392709176,-0.0491413790592401,-0.4840005256867015,1.256075064431048
1.0,-0.016652200345433243,-1.0,7.960873025321478
-0.13975122117690963,0.25126670387405725,0.9984572961143929,2.441274704026222
0.39716755934986425,0.702177389107288,-1.0,-3.2286014142281223
-0.8805575962806524,0.10502670014929705,1.0,2.7927101743957468
0.70141643142604,-0.2368617018188406,-0.8733514852215807,0.3963245746105687
-0.7583935740398702,-0.11837181133639163,0.5694207868363932,0.297608917318788
0.04949707377144663,0.6149734676617509,0.5400569085162881,0.5650274944889969
1.0,0.3594930613724734,-0.6454666571447061,5.298357528001251
-0.5601319004130161,1.0,-0.4708594031769959,6.165309668771722
-0.9282527744845983,0.31600244484618134,0.8218823609774606,-1.9249294617413846
-0.7969162012948732,1.0,0.06407827101646091,4.152809295816443
0.2010926403240645,-1.0,1.0,-6.68723245854029
0.6608905119451831,-0.4980408465904147,0.39211837421751516,0.7865756368999545
0.39637970867358474,1.0,-1.0,6.258606749917883
-1.0,-0.23877133865671074,-0.5976000975391549,-0.9622038747451008
-0.5879119913037978,0.6538291671094802,-0.8010573537854915,-1.9607944671747184
-1.0,1.0,-0.45589183412132384,11.797346801443519
0.5038618629106983,-0.4072584070595986,0.22184971688207256,1.2823398729006814
0.23273961202778404,-0.842998121705419,-0.049769924654687214,1.4699598914574166
-0.20823553289091157,0.01644662203329994,-0.21869573201727577,-0.024770193382894823
-0.7423330323122643,-0.7019096513901311,0.22497866162831803,1.59124765861222
0.7057043345033227,-1.0,1.0,-6.239917828740386
0.23662559687199258,1.0,-0.5355020468849065,11.954114613743378
0.08531261809291779,1.0,0.6450405022768417,8.315040023501606
-0.9744947568491553,-0.7781243350664102,0.4320432132398886,5.814136869719749
-0.05257026519714847,0.03360643544413899,0.3500841865935238,0.3966329759539878
-0.15991358040321102,-1.0,-0.6594539046433634,-2.855757558834071
0.003497587306495298,-0.7253972717925623,-0.765583809395074,-1.927981566472546
0.9429121988025178,-0.8926676094187724,0.39737206502593003,-1.2259878836594562
-0.8290880636195526,-1.0,0.9043269036055261,8.52753653076939
0.14309342356307253,-0.6571936731422416,0.332096418596483,0.6515599359400255
-0.4657233531933289,0.7330583670216262,1.0,7.206940213401685
0.13720408912495152,-0.6856705844612909,0.5078684353830261,0.8462846153917194
-1.0,-0.04299079786839788,-0.12376018148605339,-3.8451611153027314
0.7414199471879099,-0.640989645462638,-0.5306620686397918,0.6326907360548045
0.19485949917474543,-1.0,-0.6564052777300493,-3.91786054612193
0.4994569234876274,-1.0,0.2878240559577616,-0.2648645307897812
-1.0,-0.14367786848828512,0.5014504555779622,-3.21000945823682
-0.4843552452172559,-0.12954931714248508,-0.18062293845978594,0.41102855863664056
0.5478324712476423,-1.0,0.5680971890307835,-0.241106488078227
1.0,-1.0,0.2131688505119549,-7.695265055590115
-0.1424711030839767,0.9721813742757004,-1.0,1.918763117665022
-0.34619328536953353,0.2585170482295205,-0.22657878731700154,-0.7989392728169742
-0.25013638007187744,-0.4474798000316651,0.8327913821516824,-0.22941116309756965
0.41573470659190126,-0.20896431208623567,-0.10853871208195431,1.3896893814870455
1.0,0.49754671915259596,0.07483524249100304,6.185139069790058
-0.490138807907305,1.0,-0.7481077173227841,4.5465288872752145
0.5529106417187519,-0.403412803983344,-0.36684923167108274,1.3764693695510417
-0.98226951261115,-0.11729942416257111,-0.27281535748405883,-3.0754225715348595
0.9512655749587564,-1.0,0.25133874975357196,-5.967955205064329
0.4630991621878129,1.0,-1.0,6.7948278655631915
0.6871887325437085,0.592192427081252,0.8008662248586813,4.409772047012669
-0.08670647486244176,-1.0,0.13650080834483092,2.1401996731448456
-1.0,-1.0,-0.44459720796317637,5.432141956729827
-1.0,-0.05368710628901918,-0.15819168573978626,-4.117930047151627
1.0,0.5166186705168057,1.0,23.500896258908913
0.8049753862226425,0.35169647159038764,-0.831491514005458,2.4650067270698126
0.6806645990374318,-0.9805926426725298,-1.0,-23.90553665116242
0.34939805918428624,0.7135513952509154,0.25041358010711323,1.6718635211472264
-0.22512411060665904,0.023569980342681873,-0.37519778666867687,0.18143090813992033
-0.6819782315732132,1.0,-0.7362295075749921,3.2435379724272657
0.9565725781472187,-0.36918536809251745,0.6540413474738622,4.924718059386764
-0.808577721531256,0.5244177798845104,0.4577613687694475,-3.28650349347015
-0.2224626301064303,0.9076516815662723,-0.7186725668017484,3.0680499852610743
-0.09277553804440508,0.5389289055000368,1.0,3.3328810319468634
-0.07611251045708811,0.14907212333651176,0.9640330325701107,1.222209644479239
-0.846301597384225,0.682690492238482,0.6769349332657815,-2.6745241887588325
0.01980152475865027,0.009105032476056873,0.5808684283508407,-0.8945561248491268
-0.2627564757721428,-0.13815468904105366,0.5612248265418143,-0.016338289476754028
0.9595168404916641,0.2358047991120844,0.12584259235702366,5.756895549592146
-0.0263361199991754,0.8673550203607105,0.06331952674110397,3.3435008815193004
-0.6483108448389256,-0.3059192839834681,0.16283620162435808,0.02714062498764333
0.0881857768240153,1.0,-0.5685026850184516,10.44472087897873
0.6704298226413155,-0.21609609572201394,-0.6612346945818002,1.0593662229093797
0.5827543498385122,-0.3540355649186868,-0.0576582365905689,1.5742192047275996
-0.08034858326441285,0.028129781633678075,0.7640567781093452,0.33296810433437357
-1.0,1.0,-0.3520831002823066,11.440520703789469
0.6252601356705079,-0.5716368269442766,1.0,-3.2167389628909255
-0.1842224666823793,0.015391480141850877,-1.0,-2.622779806877663
0.1979243623937832,0.23964099832732955,-0.046943976703806234,0.5848507911719378
0.8285155413170437,0.8274510625393108,-0.5805917375016632,5.264940997629248
-1.0,-0.21780517767176022,1.0,4.937665429755356
-0.7663384583347923,-1.0,1.0,4.798118712773731
-0.6606514969273012,-0.24989462266930107,-0.8650364504843482,1.636685795798281
-0.43238738041954283,-0.823224889739065,-0.5636773766934151,1.632803192875181
-0.3439513455325307,-0.9081518106094586,-1.0,-10.456556563177813
0.8924682764839529,-0.3354138673988174,-1.0,-1.4251658714413216
-0.9265327154878116,0.02418628096958564,0.3026341981150449,-3.293897344190949
1.0,-0.3910816802475534,0.4978945811192621,4.745257599516173
1.0,0.29890776863697677,-1.0,10.274150064011348
1.0,0.6038166925340984,-0.2599155277453846,5.21736383303092
-0.8606395573338288,-1.0,0.5156791248655146,8.703692818832707
0.9670496572876013,-0.639135530286389,-0.7384810466339213,3.2288358563553654
-0.09653890525489017,0.842310652387561,-1.0,-3.1108329669213153
-0.8919062598583405,-0.6088939180308195,1.0,7.548315144350278
0.010528781599177917,0.11196869642351248,-0.13676640609354784,0.744459273207277
-0.39774704984612863,-0.08796637724517642,-0.0630726028869566,0.2761715238680144
-0.4438118317661963,0.6522956099699386,1.0,5.83222245668567
0.6052940375542128,0.45725232482636824,0.8332472085703924,2.589743687688271
-0.7148420622010117,0.0893356845983444,0.8590137134653586,-0.2736391566792419
1.0,0.9941041847654599,0.1484554613469784,13.593139790340363
-0.7549218378119296,0.3941304550346971,-0.5455228056787784,-0.9016693550204077
-0.5931209050094735,-0.1525569145055128,-0.25489509060459925,0.36374950253697275
-0.9990510953348282,0.5277390818006376,1.0,6.075622441164679
1.0,-0.22640091667653905,0.20478609622204047,5.14948296728129
-1.0,0.8480582210788419,-0.21657929796650266,3.422192572227437
-0.6081763310799508,-0.9671250893650196,-0.30615334708961184,3.9941577650313573
0.004251885262322341,-0.20196727144367133,-1.0,-3.5422396113633825
-1.0,-0.15424051135006756,-0.02683193327125699,-3.294899951867954
-0.6677495590920202,1.0,-1.0,1.0590024701367442
-0.5714679930797926,1.0,-1.0,0.11169918736992362
0.600377112657775,-1.0,-0.4548289777925294,-4.301835791361471
-0.17226508334506407,-1.0,-0.233708447486213,2.709008714348364
0.9390624760290887,1.0,-1.0,29.288832016269573
-0.3113777296741913,-0.5436737870226365,0.5428006082524686,0.514363986935855
-0.8348932384822176,-0.7940295665953825,0.14428018692850797,2.9381461017372486
0.7810182782077959,0.26745478461884353,-1.0,1.1535991611381242
-1.0,0.3923013892618059,0.0247492390192392,-3.544203984916784
0.17784337577896792,0.803023249076469,0.18782533444822125,2.971106130502551
-0.08448282994097522,-1.0,0.0038906128161593223,2.399680409147347
0.3783885505455171,0.3568153059946928,1.0,2.272212011161473
1.0,-0.9710729358247403,-1.0,-24.49608285977467
0.5834619897624955,-0.07922590071440072,0.7578028084197863,0.6968892254044694
0.909775118170296,1.0,0.11753544616519385,10.868364689675271
1.0,-1.0,0.2524687420273275,-7.670838714742246
-0.745091620517569,0.8372709403532919,1.0,10.447934159585458
-1.0,1.0,0.6697926203871605,1.1844813908680898
-0.29650995221599685,-0.5169566486541222,0.11858196028980217,0.3933047673212989
-0.31588229486612684,-0.18625546309075025,-0.4895420174427265,0.2603355754698701
-1.0,0.979362913009876,-1.0,21.19304721081545
1.0,0.945577206205622,1.0,26.790931090858855
0.7527822114048117,-0.9410059666374384,1.0,-5.419047049535454
-1.0,-1.0,-1.0,2.4884743727288026
-0.7392836325744379,0.695051015200336,0.2634973921071242,-2.470279968880855
-0.154490238186056,1.0,0.3883442186704418,7.900728850218179
-0.26991552728483614,-0.0027621564578115265,0.33350808057808456,0.7897557073612739
-0.34163172512603923,0.3776200949934738,-0.848183715311627,-1.1599556556124724
-1.0,-0.6557387734656404,-0.9336728065223303,4.174303581130248
-0.8968911408516023,1.0,0.4204605430262789,1.5470350876721346
0.5091594250047891,-0.5000064314955586,0.8492338033786231,-0.9223492514891404
1.0,0.3221240791183231,0.6160542358964114,8.915522159139812
-1.0,0.3907802499890156,-1.0,16.483670623481682
-0.2598557187246986,-0.5387726018429804,0.16096327945454192,1.3156391292612322
-1.0,0.1589525300599035,0.269172032469952,-4.579470455586603
-0.35243127513741634,-0.9944623079820418,0.13643053715539755,3.6432268095404807
-0.18562212834534297,-0.5477969746014504,-0.7884009189841799,-0.9863665703906516
1.0,0.7470836295547092,-0.918330744315518,14.90068817951853
1.0,0.33783103151992133,1.0,18.96839014664392
0.02849016277711347,0.9247440033075562,-1.0,-0.4850499791545003
-0.060748232708195626,-1.0,1.0,-6.624005646847171
0.8240272305832315,-0.3046783943928053,0.4598608887336806,3.4447274149244453
-0.30492611454086993,-0.1698177253240536,-1.0,-2.2467224641466443
1.0,0.45127808684744863,0.16922137983604735,7.230788109038311
-0.9617406457741118,-0.19328828609660564,1.0,4.1646881616295355
-0.4844861638856559,-0.7113276696678503,0.1326965232600985,1.542027026586494
0.09322893624122175,0.01833994679932771,-0.9544896240860543,-2.446953296857198
0.9301485983662823,-0.765554735862779,-0.09654999596448777,0.636055624084417
1.0,0.12061687034484003,-0.5304940391035582,5.2554284065798
-0.35615502627308215,0.38379866610697944,0.24566966738965523,-0.515319945176621
-0.2382818764124579,0.27230360020284095,1.0,2.1398087872238505
-0.03527655179807487,-0.6533698864562598,0.24250168815662954,1.2945970381881597
-0.5154540906605249,-0.33447783667677333,-0.8540958664466509,1.1990501426942664
0.33921387697045957,0.3984777891440987,1.0,1.8983211391586345
-0.3373280386923996,1.0,-0.9657739183177234,3.264646283138102
-0.013818531973616155,-1.0,0.1821848055112667,2.507525681805314
-0.004537685424367721,-1.0,1.0,-6.862081379719869
0.10314002633172636,-0.8968176473951166,0.2518131376108148,2.3851537253331667
-0.3758530303843437,1.0,0.17546597282962528,5.9092016515647074
0.0891208881549288,-1.0,1.0,-6.892283957172184
0.45352231540329613,-0.35038776350959,0.765895671641539,-0.3323429657510427
0.8952317773037524,-0.27816823471080565,0.3632334746942001,3.1113494491234084
0.025179329196597156,0.9361962738487242,-1.0,-0.2171034640432412
0.31788615023537736,-0.9512485764026397,-0.17448547948072224,1.4202579945614315
1.0,-0.3068015277846132,0.02710588665596192,3.3261595765028313
1.0,1.0,0.024735058067384408,13.768633153961751
0.01051683346140142,-0.597344053527898,-0.5406109898935347,0.9148136829184587
0.7251033493073968,-0.5372118750126471,0.6129131999148649,1.108393375874365
0.9416895827393843,1.0,-0.8509366005307062,26.046829098983068
-1.0,1.0,-0.12589338454935461,9.078697121315942
-0.08497657851944229,-0.8631329004582724,0.00014559319694251727,2.8765354028258967
-1.0,-1.0,0.8230059736617197,17.37339113251036
0.12893922577300332,1.0,0.4003842448564694,6.738967682981715
0.21517501651600646,-0.4847434578855334,-1.0,-4.8806607766919115
-0.2776459338984987,0.4672054891185007,0.4092216004146625,-0.8916181107763114
0.5659286569765158,-0.5197351043156115,0.5076220323280889,0.8469788545597662
0.5403403145942853,0.06840846194281558,-1.0,-2.589897639983989
0.4420484019539819,1.0,-0.5973457399239188,11.005416439540305
0.09225893653775796,0.43091752891135315,-1.0,-4.327216645857146
0.21057781936947184,0.2537861297520392,-0.25261677907338376,0.7603067463966532
-0.5395612617385153,-0.029914877451031385,-0.5142067101627525,-0.09612718540293824
-0.11508329089723524,1.0,-0.0987818094326478,8.189144666722436
-0.33343251036101185,0.7379885381688938,1.0,7.777053970895282
1.0,1.0,0.49674378376445216,13.885927380075286
-0.20673815200523937,-0.626408295279185,0.54290011361529,1.0409890577173035
-0.2207847329345396,-0.9807917681279004,0.72215703592643,-0.42063220603117263
1.0,-0.36403606773312935,-0.8937980420872393,5.982599384207221
1.0,1.0,1.0,26.236843222637493
0.9143223795725124,0.06463446101589665,0.4645015901566514,4.185919545134102
-0.6558037744067347,-1.0,-1.0,-9.246302002570559
-0.48681093267707354,-0.7246214378436271,-1.0,-5.5154872954367615
1.0,-0.7064870760838053,0.7181529891188099,2.6119142388395584
1.0,0.6082243014624729,-0.38128340654144255,6.47635135511157
-0.3572415470329695,-0.46756826767315074,-0.9577469526701234,-2.8605352447167047
1.0,0.9680456052613151,0.8686787202741688,20.682568552974434
-0.682844955034863,-0.8116772802913605,-0.5232984094719539,2.80495131798261
-1.0,1.0,0.5212431626692033,1.282216320837173
-1.0,0.2790196335149484,-0.3897955677587974,-1.641492516256816
-0.8317128561862315,0.09225931377435281,0.40163850235480836,-2.122985509759385
-0.21875456068139232,-1.0,1.0,-5.595042188583031
0.8848524633308199,-0.4477656191297965,0.7579034716393638,2.974961991553617
-0.41349757480538707,1.0,-0.19741841361271817,6.531519521810202
-0.17040249488764125,-0.13900702894555916,1.0,0.5459831942001463
1.0,0.5096998733767315,-0.07406861920915442,6.363597510711567
-0.40631181909642056,-0.9256000499533108,0.011745482156522602,3.42014903645837
1.0,-0.021852605948927017,1.0,11.946776667727303
-0.5349443465058505,0.8914788632446644,-0.05369855208335972,1.8046471794682304
0.039716825806101586,0.9737121114784557,-0.294249588673712,7.712545158052388
0.5915971989963529,-0.17437223949505554,0.022845947326614047,1.4519640532171874
-0.3061172821566154,-0.11718270397177655,-0.23719231162860877,0.7154943687330485
0.5160207613029175,-0.16154948074950437,0.9590311635873359,-1.315963809269676
0.01666172906412866,-0.2599420187137731,-0.4426845087039737,1.083328754877587
-1.0,1.0,-0.15011874916617862,9.596481692516011
0.11865915227861867,-0.06896761815646268,0.6853973226684047,0.5590180299734204
0.0241197889077005,-0.13244366212529401,-0.6002355385852061,0.5781940791820495
0.9525509851312519,-0.7194116088662652,0.14513379414812433,1.84148165599687
0.9525074712760613,-0.7623122597911909,-1.0,-7.376838203735778
-1.0,-0.015435802098836326,-0.601519102727996,-0.6123141895988848
0.01708876153276151,-0.4253547387082437,1.0,-1.7778365284036277
-0.3423451080161717,0.9266127638649451,-0.04463207935830704,3.677198209518658
-0.6643198802624655,0.2837323862696888,-0.41517812147985755,-1.9895677921515857
-0.3317710206319253,0.08048845621591916,1.0,0.8152986666055189
0.19626646070132625,-1.0,-0.39311317026298354,0.4451008510740015
0.3974168270598821,-0.369742055707587,-0.7106579445262304,0.332830370724832
-0.8404064088347207,-1.0,-1.0,-1.9148726969733256
0.19435757082027139,0.6986501750713363,-0.11594819489072528,1.6569625529966805
1.0,0.842000975883699,-1.0,21.946080999845016
0.26648867377760377,-0.09978927254174286,0.8454105242239032,-0.39207421914058016
-0.6036257774010023,-0.3162482226639125,-0.32757760854254303,-0.2988660832854527
-0.04720898227004544,0.42016275152945437,-0.5092033795757092,0.15064009057320102
0.016834730893160677,0.3035548727858688,0.20743322766690087,-0.4099253908645862
1.0,0.19958113275810319,-1.0,10.718109771771287
-0.3870018434899041,0.19140503960263366,0.373860699547522,-0.10268021841297625
0.2993129967243251,1.0,0.024379989904024013,8.155340081955814
0.5683097428785338,0.38200219342471287,-0.2323424587714069,0.9861396938830411
1.0,-0.10570821959687993,-1.0,7.25327771946877
-0.36219406419800637,-0.019820187600316785,0.6297077561128637,-0.08112901949646936
-0.24692946001456795,-0.04968127684146628,0.11839490194557789,0.016178340232026328
0.03531922051378289,1.0,-0.726335107487504,9.806411431210437
-1.0,-0.5486379258976368,0.6309314491919229,2.346503496125419
-1.0,-0.3411588804547008,1.0,6.135550636183497
1.0,0.477858075931489,0.914114211479667,18.128117459919704
0.5552886111640274,0.8976208574184257,-0.33967324165278057,5.687964316165882
0.4350944223977016,-0.2854021289790969,-0.5738640998541238,1.6678332299488334
-0.7924809212518897,-0.4100932622039537,0.7966693904001318,1.7969451371362815
0.4163401624939367,0.5565480321008023,1.0,4.11609032854447
0.7057312246469079,-0.3817715719864103,0.49116153358296466,2.1112495942465284
-1.0,1.0,0.7374820036247096,1.0660632206047402
-1.0,0.2417326679477947,0.20103593486223814,-4.913963791477839
-0.02749530268402567,-1.0,0.17136272158725618,2.4996748679937513
0.8333015545193279,1.0,0.6105589974834558,9.978189577922409
0.8115509950311011,-0.29157751231199147,-0.27704096555298774,2.1182524108654213
-1.0,0.20941568506850827,-0.31744029016946285,-2.7446134992459355
-1.0,0.15963726030136138,1.0,2.3537136475714573
-0.437790604325043,-1.0,-0.6093902545594589,0.18695423892657215
0.06559684610961702,-0.9792800070478946,-0.18699828371833083,2.4738328335851176
-0.44727692868690605,0.30823867612294364,-1.0,-2.071901735484603
0.3515700076542896,0.11605749892268213,-1.0,-2.7188354944386464
-0.42332705442424,0.5801445667106955,1.0,4.773903510668947
-0.2392764372832319,-0.7047208172554988,0.022123252038427355,1.7013561483614659
0.07829679813511792,0.8452300207072987,-0.5092856855266128,2.882039348896899
-0.41951324692332337,-1.0,-0.31907265001472895,2.4425406359365573
-0.5262866760581348,0.19794932943651977,0.5209204608580589,-0.9789421451426612
0.019185485646828315,0.6293178140345947,1.0,4.905723627907791
-0.03776374296193885,0.8878159668274359,0.19930783951108633,3.21891685505144
0.5697796275461862,-1.0,0.26628232673439167,-0.6618213665340134
-0.4526466382120429,0.6700941591597411,0.12350351940013549,-1.0981444901892585
-1.0,0.24637382139660158,-1.0,13.957335561856683
-0.6825071703125611,-1.0,0.5197718762656136,5.497695434799946
-0.27328189150660087,0.011971911533297463,-0.03008199901247477,0.35127759486142224
0.20853750517712344,-0.9335028721265883,-1.0,-14.607941136958
0.7666304071037444,1.0,0.10646579852550841,8.134125705890696
0.48839163204534475,0.35792601070871943,0.5142235930585004,1.0671960422961622
0.15274533467263995,0.26540656683303143,0.22646179640727926,0.5008853470830961
0.6271055990361676,-0.36568769010156865,-0.998798053163714,-5.403682441514368
-0.11091664402807866,-0.14954328214186785,-0.36880136103263417,1.0501097098823156
-0.611394350011649,0.9508085564587121,0.11067323964068043,3.1197782495706674
-1.0,1.0,-0.13737933805680602,10.145457559939432
-0.025705654388629595,0.41304679477134765,0.92885539994553,1.4166799682094344
-0.3845891002778312,0.6804177144119934,-1.0,-3.5269170231729934
-1.0,-0.9681261174707227,1.0,21.86291429992491
-1.0,0.6587281460350098,-0.8617926154523243,10.754729426454444
-0.10683122161576186,1.0,-1.0,2.8964893275514365
-0.20679561949721803,0.14326255999709114,0.810462652571565,1.119691739749546
1.0,-1.0,-0.3424538069732188,-9.54405482897279
-0.26429456635556914,0.28330820118577527,-0.24005714962565095,-0.34234662404578786
-1.0,0.4131985131701219,-0.6119128442548403,2.4606900937620697
-0.7242287240918428,-1.0,0.24050586684700592,5.54208310827108
0.8251191121846508,0.1684620016104963,0.5721302577022473,4.006132459375119
1.0,-0.15959126808353608,-0.7408106813868058,7.139839412079956
-0.03777688246083488,1.0,0.6736190798604051,9.068514175294455
-0.6397110658770073,0.36053835355624986,-1.0,-0.5279101930426763
1.0,-0.09297919837325797,-0.6350087319077542,4.843286402674146
0.0894266303686384,-1.0,-0.3254374843977268,0.4157363571202448
-0.8594576008294934,-1.0,0.6657593322459556,10.054717105668404
-0.7860108109096786,-0.6762571990143447,-0.6537326948543374,2.6568631336421085
1.0,-0.08561501759502343,0.7556415790370725,7.9259994196514345
-1.0,-1.0,-0.016374542485104282,7.46573625456207
-0.30713585081740247,-1.0,-0.056142318192407226,2.997193225737059
0.39141348514058105,-0.04652180742066969,-0.23072267175398498,0.8473960190967277
-0.438182521019743,-0.6876457178055311,1.0,0.818363750997624
-0.3521546749087696,0.6234098402097212,1.0,5.597824558165837
-0.197310739972822,-0.5900193160573777,-0.24410800160835122,1.0539129165771284
0.030043052451669938,-0.057079317242619165,-0.203376624625065,1.2429850589576654
0.1254061963920059,0.8811667194393145,1.0,8.903404232101591
1.0,0.6944087551949241,-0.49609552556385106,7.126353663037754
1.0,-1.0,0.025273013212266715,-8.087939870501938
1.0,-0.21675914517486583,0.6606240351168067,6.381772587826993
1.0,1.0,-1.0,39.15326352801837
0.081002846080517,1.0,-0.9723021347318035,6.1114980036252815
-1.0,0.9366267105758674,0.44390632769248994,-0.2015549759577654
0.489529113338633,-1.0,1.0,-6.727095267836999
0.5150483567061699,0.497663902128086,-0.7966445891094556,0.8960304710985825
-1.0,0.11902966664816605,-1.0,12.318833717192838
0.9463634407392947,0.9901802893700502,0.789805659124144,16.204211554223324
0.5031346791060942,0.2864759222479536,-0.36513264672224,1.0907790124002248
-1.0,-0.9006301003120343,0.03624614164740003,6.428450441354078
0.5226762944510497,1.0,1.0,9.727805381052418
0.7521697714072577,0.011367317764929386,-1.0,-0.9087080949375865
0.2239154531467471,0.443316737947135,-0.3439522937734929,0.30860663178375775
-1.0,1.0,-0.3188294596771093,12.033297927817257
-1.0,-0.0909962642965716,1.0,3.7108460086208535
0.798038858950811,0.37558044204583263,0.7653814486258597,5.101999088335644
-0.38588678779613206,1.0,-1.0,1.1405627520797774
-0.1059793940471403,-0.4431561257633758,0.7572797268872091,-0.24762557430580767
1.0,-1.0,0.42578203179846663,-6.881882062487717
1.0,0.6828701602485991,-0.5865511486713852,7.594782591542286
-0.5540827262680406,-0.6646850214250823,0.9120160213631376,1.953991906082166
1.0,-0.38890134790540243,-0.10933623012808513,3.8839726951697764
-0.1803507993507094,0.6100628959088632,0.04970967740293086,0.19993606332515962
0.5042342554162962,-0.24796889320138882,0.8645129767888444,-0.6960137577285019
0.011545498297485857,-1.0,1.0,-6.423314179908134
1.0,-0.3751975313130582,-0.13978485561930198,3.793506500652712
1.0,0.75778800333222,-0.6695106514648719,8.603992790630222
0.24334114609083835,0.5775049056634991,1.0,4.223999270486492
0.7969231848310376,0.03519606874418324,0.8290988650646747,3.373935377728059
0.6470334546261765,-0.7783365785647816,1.0,-4.589871559542769
0.8220625404616586,0.6963139602957733,-1.0,3.8954178279212694
1.0,-0.9708083038730595,0.06775624909129685,-6.26346085378254
-0.4612835304509293,0.3675380886511066,-0.20249666378248343,-0.45066372044475445
-0.5808001335315147,0.4989277008550299,0.17663768434302285,-1.711336718932068
0.5266048774509293,0.1675729282428342,1.0,0.919051588641037
0.48505365728161265,0.874073167725324,0.11660184403561868,3.957594146759472
-0.04195572305114115,0.736728767272506,0.5760265661994917,1.5135199075250372
1.0,1.0,0.46977894327150005,13.588313592493938
-0.7363633023163445,-0.22590241601981775,0.37039511183807683,-0.6680336115900974
1.0,0.720513512291221,-0.4902733144337559,7.391778641959753
0.18965148931300924,0.8119468082586672,-1.0,-3.1135646545059044
0.582374428170815,0.3021572774624144,-0.3090599197584505,0.5692207289204062
0.6584960612125552,0.1317861914483185,-0.14507743691251163,1.5841256658278953
-0.33118959326118813,0.521144362925059,0.08226904493674447,-1.5051022309019213
-0.7040935735869689,0.12332446930720287,-1.0,1.708942364949447
0.05089368746949874,-0.07410678896273604,1.0,0.18947703329630966
-1.0,0.7271073712275009,0.3315494706099569,-2.99731801024201
0.2598470619005968,-1.0,0.1525839078552722,1.7429808870971497
-0.6865706059475727,-0.13291396603413008,0.9995689059917887,2.54479328399318
1.0,0.48133342839811566,-0.009017184440012427,6.052492460761298
0.08778433569864541,1.0,0.4955466979026919,7.514337534091269
-1.0,1.0,0.13453522368489113,6.361527408488219
0.7475562005985921,0.5187758800580902,-0.45733160290094976,2.0261110306626575
-0.5611854684136446,1.0,0.3692862866457116,4.4769464472467195
1.0,1.0,-0.8673336869989119,33.72061900286849
0.35980369033924475,0.6589826547626245,-1.0,-2.360064653774759
-0.42499619345572826,0.0587014474591836,0.5982982990930581,0.3790435597658165
0.2861225425675724,-1.0,1.0,-7.084927571786794
1.0,0.1159156721608392,-1.0,9.631328222546761
-0.32814873327166993,0.8545482556943713,-0.21944706323719565,1.9768791767499936
-0.7044584861280803,-0.45972204263204386,-0.5909062924381392,1.392953276411542
-0.9857645762066298,-1.0,-0.4891287575118022,5.853098487550211
-0.40629309936131675,-1.0,0.48788210888964834,2.7847877889719674
0.7918663204748517,-0.11524819563085575,1.0,2.4437617811009678
0.13127545058348566,0.8369937597295978,-0.327284423715932,2.823863886837084
-1.0,-0.5984558829700961,0.4539898987132396,1.3851392861675487
0.8634578867331255,1.0,0.2453395598552004,9.07270576509375
-0.15437985724451675,-0.25658443070172865,-1.0,-2.8734903375353285
0.007417862727773006,-0.4753904311709125,1.0,-1.6006382730034336
-1.0,-0.29927383887426995,-0.5275501784650833,-1.195566318004811
0.0940027539910806,-0.8123183233734825,-0.5259288556241482,0.6663485435826166
-0.8182992904469182,-0.05750307272387567,-1.0,4.350708999036459
-0.19398762536109593,0.9323535883373177,1.0,11.912924329420482
-0.06465323126562228,0.7568901977135272,-0.15867619820666978,1.5676373672536532
0.9925234211536866,0.6795202887502765,-0.7045367202893542,7.641968169199946
-0.9370522379124773,0.41689942752176545,-0.9530602357106663,9.406575807196319
-0.5210172979804739,-0.45898933663533414,0.014345144055744719,0.9509028510219469
-0.2662610564020944,0.5299106293154041,1.0,4.572549196391142
0.45512969939290926,1.0,0.7054765608055151,7.969545339356719
-0.1994549563476431,0.2727203349138385,-0.07951669231545422,-0.6539798457165931
-1.0,1.0,-0.7981944008631214,14.727602239898587
-0.12845198615351539,-0.8757086649743064,0.16514818278131238,2.875551852475535
1.0,0.01620799779225912,1.0,12.955552395091862
-0.4497030171171075,-0.16115232134510116,-1.0,-1.6403466605787111
-0.5387510568818901,0.06741264513075218,1.0,1.3823291642398676
0.4120802270382715,-0.3802678436298108,1.0,-3.0502708325595416
-1.0,0.8564832771017741,-0.567469880403283,7.474012799769944
-0.5324034054842608,-0.48560716244134583,0.8374715643239368,1.8328819200060062
0.591117224383573,0.34180791979867786,0.5786682135140133,1.81168509297436
