row,actual,predicted
353,1.8221923767674608,1.5813593998073565
169,-4.218548156846391,-4.042560594292326
397,-6.4122677873737,-6.201358511837693
415,0.7781810327913337,0.8470447321918939
666,0.0271406249876433,0.02641689379674439
171,1.249458156725469,1.5027440120308238
565,5.581745735732322,6.046400137553986
168,0.6663185721926016,0.8170157859384539
350,-30.45857418972064,-29.209464213281763
259,4.227083263358481,4.456966163525707
929,-6.881882062487717,-7.2759101234427455
862,4.773903510668947,5.118891058049051
83,2.865880124553855,2.503727958738681
230,-1.5358176353891506,-1.7354029097744945
97,-1.9937816286042,-2.4220781712440136
234,0.4953895489441279,0.7860538689317338
306,1.2363237126032764,0.9786442683555339
364,7.124028139959179,6.842360574250926
571,-0.4346252734876812,0.5433510511078843
136,0.7792214922468922,0.7012317597906179
272,1.7253204033844045,1.8539894779811616
846,5.687964316165882,5.34968779696472
901,7.46573625456207,7.610588242098444
407,1.1433592165459232,1.2501047914050691
283,10.96564629892022,11.047161208065514
454,16.13569847508106,16.338179066384715
123,-7.921662804165868,-7.53825825675813
686,8.703692818832707,8.814353738193951
70,-2.0410390913426326,-2.229250057995708
393,-1.894180823212591,-1.7022568720277347
16,-0.2489576563503021,0.12240353944069371
762,5.9092016515647074,6.193129810891611
323,2.337971227093917,2.14991939948082
4,33.80034959073275,33.6056510638612
149,3.1246785818312084,2.832452226580831
564,7.586457444866827,6.9014503613008795
33,7.643600619392019,7.195898551850246
544,9.4415157455948,10.207362974778707
993,12.955552395091862,12.866986280464458
520,7.7995484939033455,7.755858293294113
193,-3.580592290324905,-4.455155865667808
928,-0.2476255743058076,-0.08518251398869259
814,-1.315963809269676,-1.027332496927266
545,26.337108871457797,26.297724547800172
845,18.128117459919704,17.442906610083355
227,3.862309297068333,4.382867988295275
675,5.264940997629248,5.4511745564013765
625,0.6515599359400255,1.032435747399148
698,6.075622441164679,5.79001225186153
416,8.056140066695175,8.651536417677352
964,4.47694644724672,4.930111111120308
714,2.399680409147347,2.918086401380142
106,4.664749694929638,4.9541892722126875
794,-5.5154872954367615,-5.143202324963171
405,3.189850894493499,3.697081207117673
2,1.198807776128613,0.7061684215808848
383,0.5009596417405925,1.2157695925358296
837,8.155340081955814,7.936856280526674
612,1.2823398729006814,1.073646565956282
703,-3.294899951867954,-4.056814112435018
525,-1.5941920013899586,-1.5736695685210709
82,17.486513724875746,16.931013851333145
715,2.272212011161473,1.9418417980551654
894,9.068514175294457,8.692031625987653
461,4.020791156435263,4.11147234523404
528,-6.338186653674068,-7.107343543249222
498,3.821501016673349,3.106422160029087
293,-0.8581567589099524,-0.3752341580798588
595,7.960873025321478,8.173356347414307
332,10.022797508681444,9.83963535148266
914,-0.2015549759577654,0.09104989450557177
270,6.8903084451029954,7.466383153925347
555,6.219668928292407,6.333094759340359
206,-7.396771376409649,-8.372093580783307
916,0.8960304710985825,0.5568192202165805
244,8.099793303664873,7.982181072142124
660,1.222209644479239,0.8833682922927304
173,23.4590076835602,23.076684875428956
768,3.326159576502832,4.359468730619408
900,7.925999419651434,8.01246751825322
656,4.924718059386764,4.657519297438407
211,-3.740234867495432,-3.9539984496004834
386,0.855429329819703,1.3442131456662927
687,3.2288358563553654,3.0544364410312306
963,2.026111030662657,1.542763354155606
781,11.005416439540303,11.718898459378225
563,1.263883573557809,1.0667234022279704
143,4.108097037581977,3.419793141017991
763,-6.892283957172184,-6.658256759710319
870,-1.0981444901892583,-0.8842212131103464
869,-0.6618213665340134,-0.2741183092704249
22,-9.061460374062538,-8.305185340546853
253,4.164285499695152,4.551105617227851
552,7.843477641893999,7.797964840417599
129,3.0089334365501395,3.2467357831568235
131,9.380220442991517,9.953745340304454
990,-0.6539798457165931,-0.040317210308109974
628,-3.8451611153027314,-4.132837558920102
872,5.497695434799946,5.1532946610728905
801,-1.641492516256816,-1.819379368543986
650,23.500896258908917,22.305148075691346
76,4.723947204748699,5.692418383751489
277,14.607344038304388,15.270507410309195
290,26.340741493352343,25.876936182504853
910,-8.087939870501938,-7.789974252341473
538,-15.664547397698536,-16.12643520211599
789,-0.4206322060311726,-0.38058829424741125
493,0.977178553821873,0.373723052083049
84,4.497418090499373,5.208970829643047
517,0.8358161399081664,0.8976238829749186
731,-1.1599556556124724,-1.3278708964116448
62,-16.38653264383937,-16.181177174266985
832,-0.2988660832854527,0.5537477383266738
39,-2.1971345306727006,-1.841270013923097
185,-13.91903081783749,-14.106155456159463
500,-0.9184653643424786,-1.6093619096917484
47,1.105282649607766,1.1877517023868027
994,-1.6403466605787111,-1.5702455836562894
161,5.328763966722648,4.552396844688018
812,1.4519640532171874,1.3146105630930012
647,2.1401996731448456,2.836024758773174
5,-0.0305254761476983,-0.15175359381206288
706,-4.301835791361471,-3.2984373877094395
50,0.1836739690572027,0.2701203896904132
292,0.581838491494649,-0.09765126232659194
665,3.3435008815193004,2.8951492965256453
279,-0.4838025580054126,-0.9079268529252027
287,1.8616604439280824,1.0580238305849763
269,-0.0024316761879817,-0.02599948731281243
99,0.9146784985581784,1.459721982372076
570,0.4616697964393263,0.37784376845630163
349,0.8818595647012877,1.1155571653872236
942,-6.26346085378254,-5.888914481112591
884,21.86291429992491,21.008574984034947
816,9.596481692516011,9.92745163703507
178,-2.7389361324351427,-2.3670513700616302
741,14.90068817951853,14.739201228226566
507,-15.05666153480755,-16.194370032309795
987,0.9509028510219468,0.7604883872964432
68,2.1670605315883043,2.242712441520328
873,0.3512775948614222,0.18507583129977334
63,16.280716718481205,15.873402952026922
105,1.7135186939285298,1.7315176815030653
536,8.583686379306064,8.404062935380942
172,7.457554186054573,6.977565110073603
921,9.727805381052418,9.920906387596592
139,-17.853049613852168,-18.520263686147445
945,0.919051588641037,1.102340728938396
684,10.274150064011348,11.21208926391002
73,-4.699426062424933,-3.7977533191902513
642,1.3764693695510417,1.1666680837923793
91,-9.318181214686984,-8.747341470188214
243,-1.9743029007673891,-2.346998440130008
231,-0.5302406039811401,-0.025095816957233286
653,1.6718635211472264,1.5779906919234323
758,3.264646283138102,2.571560774056131
893,7.139839412079956,6.22370469732642
773,9.078697121315942,9.695672551168183
228,0.5366530163623668,0.507412132813126
562,4.764150253393566,5.2806339177366866
548,0.4403526972710368,0.13973756700040063
258,13.352967230361546,12.89307417215707
296,0.8530136018947763,1.3956528700206312
202,-1.418569173567445,-1.4561271088609087
392,-0.0232588822643626,0.5118545671026615
401,-5.065010029839509,-5.146335825264528
288,-2.686224626388124,-3.236597960653251
697,0.3637495025369727,0.029332225806473655
203,1.7259791001185638,1.0878444614964529
75,12.52734880959028,13.0570228514224
35,0.7843612131942647,1.3733299035736188
427,2.272829045700287,2.458730922975296
229,1.3353842957800244,2.0038344418918532
913,6.1114980036252815,5.295364517408679
926,5.101999088335644,4.837084241314875
885,10.754729426454444,11.359291459242534
43,25.339671303743486,25.476883854857093
183,6.6660267957849175,7.181589948606667
305,-1.216337904292118,-1.3768800174514548
434,-3.257513431681984,-3.754435947839232
663,-0.016338289476754,0.1994073248803181
880,3.1197782495706674,2.647396440151034
911,6.381772587826993,6.6219705296547
67,3.574860361674225,3.303840106208562
966,-2.360064653774759,-3.4899453616428024
751,0.636055624084417,0.7283089819770219
617,11.954114613743378,10.835680268105547
162,2.4437949810795265,2.795379507825408
87,-1.9420335654874232,-2.246253816746096
24,1.5505832102128974,1.7296997500902083
960,6.052492460761298,6.316315686735175
580,-1.1076250604910505,-1.1298950304472593
732,4.174303581130248,3.5949076993898084
189,-0.5055930084266211,-0.5973994363550146
167,7.712250102623853,6.796266131112547
745,3.4447274149244453,2.563005338446515
765,3.1113494491234084,3.3184344683446754
49,1.0696537446193557,1.5292492766861479
25,6.655300641768144,6.3448270543672125
888,-9.54405482897279,-8.981894005502413
