basis,degree,terms,alpha,cv_mse,cv_se
monomial,1,6,1e-08,9.310416760435476,0.4597070111358007
monomial,1,6,1e-07,9.310416760394334,0.45970701114697043
monomial,1,6,1e-06,9.31041675998292,0.4597070112586545
monomial,1,6,1e-05,9.310416755868804,0.4597070123755108
monomial,1,6,0.0001,9.31041671472767,0.4597070235440677
monomial,1,6,0.001,9.310416303321444,0.45970713522937806
monomial,1,6,0.01,9.310412189768162,0.45970825205591903
monomial,1,6,0.1,9.31037110510847,0.4597194176655538
monomial,1,6,1.0,9.309965324312964,0.45983080900560985
monomial,1,6,10.0,9.306393355153578,0.46091904434325864
monomial,1,6,100.0,9.304213829377009,0.4698525822926836
monomial,1,6,1000.0,9.69139171455534,0.5097114485213285
monomial,1,6,10000.0,10.420542294240487,0.5599806293671572
monomial,2,27,1e-08,3.2433672406345115,0.21522894090366676
monomial,2,27,1e-07,3.243367240599947,0.21522894095746203
monomial,2,27,1e-06,3.2433672402543072,0.21522894149541544
monomial,2,27,1e-05,3.2433672367979107,0.21522894687494504
monomial,2,27,0.0001,3.2433672022343343,0.2152290006702079
monomial,2,27,0.001,3.243366856637647,0.21522953861918107
monomial,2,27,0.01,3.2433634045789086,0.21523491774399692
monomial,2,27,0.1,3.2433292745120625,0.21528867252707093
monomial,2,27,1.0,3.2430267347595554,0.21582260047600701
monomial,2,27,10.0,3.2436040024151227,0.22082525634658706
monomial,2,27,100.0,3.445153056382781,0.25266596401409996
monomial,2,27,1000.0,5.845044877747961,0.352399576504018
monomial,2,27,10000.0,9.410547729468679,0.5083075880336972
monomial,3,83,1e-08,1.001524062824544,0.017871265974935775
monomial,3,83,1e-07,1.0015240623909991,0.01787126609009075
monomial,3,83,1e-06,1.0015240580555536,0.01787126724163782
monomial,3,83,1e-05,1.0015240147011555,0.017871278757109026
monomial,3,83,0.0001,1.0015235811626084,0.017871393911660316
monomial,3,83,0.001,1.0015192463211398,0.017872545440911013
monomial,3,83,0.01,1.0014759522544494,0.01788405910674757
monomial,3,83,0.1,1.0010483946106012,0.01799903245326308
monomial,3,83,1.0,0.9972642960814744,0.01913196728637771
monomial,3,83,10.0,0.9857277153080772,0.028738307537600066
monomial,3,83,100.0,1.2777273558768705,0.04455558729780007
monomial,3,83,1000.0,3.786620412892289,0.12877318429043533
monomial,3,83,10000.0,8.061063185018524,0.4146599434265805
monomial,4,209,1e-08,1.1167322844099685,0.1341886625496256
monomial,4,209,1e-07,1.1167322753993574,0.1341886599888148
monomial,4,209,1e-06,1.116732185293269,0.13418863438071255
monomial,4,209,1e-05,1.1167312842351074,0.1341883783003643
monomial,4,209,0.0001,1.1167222739252634,0.13418581756464712
monomial,4,209,0.001,1.116632197994899,0.13416021698169964
monomial,4,209,0.01,1.115734146057892,0.13390488638203252
monomial,4,209,0.1,1.1070152600101542,0.1314169865586515
monomial,4,209,1.0,1.039334051019098,0.11151281852809791
monomial,4,209,10.0,0.8444173744035977,0.04442286795850464
monomial,4,209,100.0,0.9458450744604526,0.035170086131287324
monomial,4,209,1000.0,2.2386125461465265,0.05127581638954987
monomial,4,209,10000.0,6.300666490035903,0.2901241616197498
monomial,5,461,1e-08,8.012255306307178,3.180419134649866
monomial,5,461,1e-07,8.01224091741538,3.180412531991846
monomial,5,461,1e-06,8.012097031770605,3.180346506974384
monomial,5,461,1e-05,8.010658502566395,3.1796864130330618
monomial,5,461,0.0001,7.996305858474355,3.1731010592852846
monomial,5,461,0.001,7.85596960797232,3.108769334447031
monomial,5,461,0.01,6.711416268467554,2.588139526027043
monomial,5,461,0.1,3.1215899816639068,1.0155151191719485
monomial,5,461,1.0,1.038570303493029,0.19936021385602193
monomial,5,461,10.0,0.615385686060095,0.07342850409957237
monomial,5,461,100.0,0.6693681058918936,0.04310779787386888
monomial,5,461,1000.0,1.6532223209295913,0.06906275936277219
monomial,5,461,10000.0,5.096551477672289,0.17806543156935406
monomial,6,923,1e-08,17.75309584819717,1.8706757852464448
monomial,6,923,1e-07,17.75281944276095,1.8706133986246254
monomial,6,923,1e-06,17.750058987343618,1.869990476980277
monomial,6,923,1e-05,17.722543828245932,1.8637985553859056
monomial,6,923,0.0001,17.455997433370122,1.8054253160022806
monomial,6,923,0.001,15.424566144997382,1.4508470629397554
monomial,6,923,0.01,9.432313931324563,0.761968381802918
monomial,6,923,0.1,3.8258949654306336,0.43063927323428863
monomial,6,923,1.0,1.4777467572090672,0.14599299632259163
monomial,6,923,10.0,0.8948823675143902,0.14593332727322222
monomial,6,923,100.0,0.8287309211351275,0.10137133480220994
monomial,6,923,1000.0,1.36935845757055,0.058402521657920814
monomial,6,923,10000.0,3.926014379908099,0.09993483061155596
monomial,7,1715,1e-08,5.1554081466507995,0.9134415780632874
monomial,7,1715,1e-07,5.155403990297936,0.9134403232234807
monomial,7,1715,1e-06,5.155361110931137,0.9134273264390461
monomial,7,1715,1e-05,5.154932284039137,0.9132973532275657
monomial,7,1715,0.0001,5.150653821740197,0.9120015554624681
monomial,7,1715,0.001,5.1088257604962894,0.8994255541163155
monomial,7,1715,0.01,4.766153347466236,0.8027063339495042
monomial,7,1715,0.1,3.478988607298375,0.522293033812975
monomial,7,1715,1.0,1.832917582328967,0.25135226948072387
monomial,7,1715,10.0,1.0062415243052665,0.16401701462006082
monomial,7,1715,100.0,0.8642540230342102,0.12720666597414726
monomial,7,1715,1000.0,1.2389442635679804,0.06129667122330211
monomial,7,1715,10000.0,3.4807214904329653,0.06932141209633527
monomial,8,3002,1e-08,4.188631358233815,0.6488110161370406
monomial,8,3002,1e-07,4.188630385654017,0.648811103416679
monomial,8,3002,1e-06,4.188619668029562,0.6488089756847097
monomial,8,3002,1e-05,4.188512401031854,0.6487874003355608
monomial,8,3002,0.0001,4.187440564112963,0.6485718191010356
monomial,8,3002,0.001,4.17680553472449,0.6464359793182494
monomial,8,3002,0.01,4.077950574863024,0.6268573832759622
monomial,8,3002,0.1,3.470067348572422,0.516374369387593
monomial,8,3002,1.0,2.172440794695336,0.3142026326745567
monomial,8,3002,10.0,1.338991385712885,0.23378741790156968
monomial,8,3002,100.0,1.1371753620836311,0.21042830398159668
monomial,8,3002,1000.0,1.32750304178458,0.07045835399119864
monomial,8,3002,10000.0,2.9231975570628195,0.07049948136958575
monomial,9,5004,1e-08,4.5150753033282145,0.6299916426948121
monomial,9,5004,1e-07,4.5150750200115795,0.6299918957820319
monomial,9,5004,1e-06,4.5150656948860215,0.6299899558159916
monomial,9,5004,1e-05,4.514971800166227,0.6299701106197895
monomial,9,5004,0.0001,4.514033361591362,0.6297717687844027
monomial,9,5004,0.001,4.504705809790107,0.627803658626347
monomial,9,5004,0.01,4.41665337481934,0.6095026656423055
monomial,9,5004,0.1,3.8326517977219154,0.4969167161763351
monomial,9,5004,1.0,2.520953484874101,0.33135316776641927
monomial,9,5004,10.0,1.6030144625275227,0.28551900101784683
monomial,9,5004,100.0,1.293847681928859,0.24412870767331518
monomial,9,5004,1000.0,1.3486358175037843,0.10309268524428807
monomial,9,5004,10000.0,2.7525790649059454,0.08519125380921283
monomial,10,8007,1e-08,5.049497474281329,0.5806001968994131
monomial,10,8007,1e-07,5.049496114503973,0.5805999915797816
monomial,10,8007,1e-06,5.049487488188667,0.5805985364140559
monomial,10,8007,1e-05,5.049401726460116,0.5805840455357798
monomial,10,8007,0.0001,5.048544589351161,0.5804392408877797
monomial,10,8007,0.001,5.0400159451301,0.5790009161768046
monomial,10,8007,0.01,4.958706008390229,0.5655050212906458
monomial,10,8007,0.1,4.387201560113274,0.4784762287271196
monomial,10,8007,1.0,2.950213434417244,0.32482997551070136
monomial,10,8007,10.0,1.9583404181495403,0.3202725902587008
monomial,10,8007,100.0,1.6302108046080612,0.32902302467348604
monomial,10,8007,1000.0,1.5636034395493632,0.16841562930233753
monomial,10,8007,10000.0,2.5769323997707536,0.07203965064983185
legendre,1,6,1e-08,9.310416760435476,0.4597070111358007
legendre,1,6,1e-07,9.310416760394334,0.45970701114697043
legendre,1,6,1e-06,9.31041675998292,0.4597070112586545
legendre,1,6,1e-05,9.310416755868804,0.4597070123755108
legendre,1,6,0.0001,9.31041671472767,0.4597070235440677
legendre,1,6,0.001,9.310416303321444,0.45970713522937806
legendre,1,6,0.01,9.310412189768162,0.45970825205591903
legendre,1,6,0.1,9.31037110510847,0.4597194176655538
legendre,1,6,1.0,9.309965324312964,0.45983080900560985
legendre,1,6,10.0,9.306393355153578,0.46091904434325864
legendre,1,6,100.0,9.304213829377009,0.4698525822926836
legendre,1,6,1000.0,9.69139171455534,0.5097114485213285
legendre,1,6,10000.0,10.420542294240487,0.5599806293671572
legendre,2,27,1e-08,3.243367240634511,0.21522894090366645
legendre,2,27,1e-07,3.2433672405999467,0.21522894095746192
legendre,2,27,1e-06,3.2433672402543072,0.21522894149541466
legendre,2,27,1e-05,3.2433672367979107,0.2152289468749446
legendre,2,27,0.0001,3.2433672022343343,0.2152290006702069
legendre,2,27,0.001,3.2433668566376452,0.21522953861918045
legendre,2,27,0.01,3.243363404578907,0.21523491774399606
legendre,2,27,0.1,3.2433292745120603,0.21528867252707026
legendre,2,27,1.0,3.2430267347595554,0.21582260047600643
legendre,2,27,10.0,3.243604002415122,0.22082525634658645
legendre,2,27,100.0,3.44515305638278,0.25266596401409935
legendre,2,27,1000.0,5.84504487774796,0.35239957650401715
legendre,2,27,10000.0,9.410547729468679,0.5083075880336976
legendre,3,83,1e-08,1.0015240628523094,0.017871265970028128
legendre,3,83,1e-07,1.001524062668646,0.01787126604100711
legendre,3,83,1e-06,1.0015240608320133,0.01787126675079744
legendre,3,83,1e-05,1.0015240424656953,0.017871273848701418
legendre,3,83,0.0001,1.0015238588035875,0.017871344827688915
legendre,3,83,0.001,1.0015220222892707,0.017872054612498155
legendre,3,83,0.01,1.0015036678201992,0.017879151953845145
legendre,3,83,0.1,1.0013211883989086,0.017950074690945898
legendre,3,83,1.0,0.999600834276342,0.018654227543126674
legendre,3,83,10.0,0.9911657833544991,0.025156387521662736
legendre,3,83,100.0,1.2291814766463485,0.04412944034945817
legendre,3,83,1000.0,3.7487117143799615,0.12378744057817244
legendre,3,83,10000.0,8.157021400155212,0.42110653719545693
legendre,4,209,1e-08,1.1167322850382666,0.13418866277066852
legendre,4,209,1e-07,1.1167322816823384,0.1341886621992461
legendre,4,209,1e-06,1.1167322481230617,0.1341886564850201
legendre,4,209,1e-05,1.1167319125306743,0.1341885993427789
legendre,4,209,0.0001,1.1167285566450578,0.13418802792201656
legendre,4,209,0.001,1.1166950016142025,0.13418231387962787
legendre,4,209,0.01,1.1163598333273332,0.1341251899600111
legendre,4,209,0.1,1.1130458510978485,0.1335555828790473
legendre,4,209,1.0,1.0832397882427114,0.1280104314485882
legendre,4,209,10.0,0.9383142647729945,0.085492070546375
legendre,4,209,100.0,1.0420787729864212,0.028206288673254122
legendre,4,209,1000.0,2.885386821063198,0.07207516840761541
legendre,4,209,10000.0,7.079233744763248,0.30907025125270204
legendre,5,461,1e-08,8.012256448946037,3.180419683995334
legendre,5,461,1e-07,8.012252343774168,3.1804180254323624
legendre,5,461,1e-06,8.012211292369537,3.180401439936357
legendre,5,461,1e-05,8.01180080972864,3.180235598348841
legendre,5,461,0.0001,8.00769912124585,3.1785785183162387
legendre,5,461,0.001,7.966993432830497,3.1621399056984028
legendre,5,461,0.01,7.588662789134713,3.009715795533348
legendre,5,461,0.1,5.383028040702061,2.0912862244131634
legendre,5,461,1.0,1.972112693039697,0.5272600058568273
legendre,5,461,10.0,0.8421904275645643,0.10652564623497687
legendre,5,461,100.0,1.0331118591362873,0.08082696309797885
legendre,5,461,1000.0,2.5596281201012405,0.12503965638461975
legendre,5,461,10000.0,6.118307567798761,0.2793120102512995
legendre,6,923,1e-08,12.958705888402244,2.8219076457161054
legendre,6,923,1e-07,12.958687712026142,2.8219009067085667
legendre,6,923,1e-06,12.958519512247472,2.8218412865422895
legendre,6,923,1e-05,12.956839265548279,2.8212460362064973
legendre,6,923,0.0001,12.940076341297132,2.8153110091375813
legendre,6,923,0.001,12.776288996336401,2.7576496195964126
legendre,6,923,0.01,11.444287252109984,2.310514439087111
legendre,6,923,0.1,6.986491524305995,1.051751341589054
legendre,6,923,1.0,3.414332084643122,0.3403337946974264
legendre,6,923,10.0,1.7819128069469201,0.18714971974622158
legendre,6,923,100.0,1.5273095389456524,0.1540202186008224
legendre,6,923,1000.0,2.514143756727538,0.12039915259221903
legendre,6,923,10000.0,5.457634049280763,0.23146440729185175
legendre,7,1715,1e-08,2.9741519846858244,0.41235113108654087
legendre,7,1715,1e-07,2.9741514784720247,0.4123508877316681
legendre,7,1715,1e-06,2.9741510613656983,0.41235079632621163
legendre,7,1715,1e-05,2.9741473548281356,0.4123501164905631
legendre,7,1715,0.0001,2.9741103383496976,0.4123433420579247
legendre,7,1715,0.001,2.9737404227281177,0.41227565027530605
legendre,7,1715,0.01,2.970065529814059,0.4116037085119051
legendre,7,1715,0.1,2.93556827114546,0.40534135764216594
legendre,7,1715,1.0,2.7191974814856303,0.3673562538118622
legendre,7,1715,10.0,2.265985256516689,0.28117484287545813
legendre,7,1715,100.0,1.9764773702100307,0.18025160559465112
legendre,7,1715,1000.0,2.66343458238819,0.1452840206282594
legendre,7,1715,10000.0,5.216225925404106,0.23736321967183516
legendre,8,3002,1e-08,2.643089344238761,0.18702590237547667
legendre,8,3002,1e-07,2.6430890443952113,0.18702613104686713
legendre,8,3002,1e-06,2.643088995582814,0.1870261534434801
legendre,8,3002,1e-05,2.6430888024049715,0.18702615098436687
legendre,8,3002,0.0001,2.6430869001435795,0.18702610375189638
legendre,8,3002,0.001,2.6430678827393517,0.1870256292756609
legendre,8,3002,0.01,2.642877934657261,0.1870208955445466
legendre,8,3002,0.1,2.6410006666068755,0.18697467069551826
legendre,8,3002,1.0,2.6241451678275745,0.18661194556893448
legendre,8,3002,10.0,2.532430348771191,0.18725858379435628
legendre,8,3002,100.0,2.356108431489377,0.1923603462872425
legendre,8,3002,1000.0,2.810639214369406,0.16991508754220894
legendre,8,3002,10000.0,4.91698485639096,0.22639280577172932
legendre,9,5004,1e-08,2.5647462076376537,0.20891330001121178
legendre,9,5004,1e-07,2.564747821757746,0.20891309754947485
legendre,9,5004,1e-06,2.5647479800104676,0.2089130771039202
legendre,9,5004,1e-05,2.564747964163337,0.20891307307091447
legendre,9,5004,0.0001,2.5647476458559018,0.20891305278324393
legendre,9,5004,0.001,2.5647444470079663,0.20891285191920242
legendre,9,5004,0.01,2.564712477940553,0.20891084432162302
legendre,9,5004,0.1,2.56439487431781,0.20889085219059192
legendre,9,5004,1.0,2.561414669968554,0.20869892435329318
legendre,9,5004,10.0,2.543608594419917,0.20733785883656125
legendre,9,5004,100.0,2.5492091639409953,0.20277127663514594
legendre,9,5004,1000.0,3.006600588505121,0.17275781468934046
legendre,9,5004,10000.0,4.895092955499832,0.22823345011483628
legendre,10,8007,1e-08,2.8665572179064416,0.2508340403178958
legendre,10,8007,1e-07,2.866554146999579,0.2508351700497663
legendre,10,8007,1e-06,2.8665538382387856,0.25083528238027536
legendre,10,8007,1e-05,2.866553790488926,0.2508352872193795
legendre,10,8007,0.0001,2.8665536169751604,0.25083522376429196
legendre,10,8007,0.001,2.866551912309776,0.2508345780430644
legendre,10,8007,0.01,2.866534876081615,0.25082812113974134
legendre,10,8007,0.1,2.8663652497288172,0.2507636944142435
legendre,10,8007,1.0,2.8647397179858247,0.25013335096134504
legendre,10,8007,10.0,2.8535879818487637,0.24494985325496677
legendre,10,8007,100.0,2.8562978783399258,0.2252644551730382
legendre,10,8007,1000.0,3.2224068709888405,0.19490285651223965
legendre,10,8007,10000.0,4.820763018555632,0.23698502880078529
