basis,method,degree,terms,alpha,cv_mse,cv_se,max_dual_gap
monomial,lasso,3,83,0.1,1.3990873072264403,0.059963051695155534,6.440483462877289e-05
monomial,lasso,3,83,0.03,1.0225436801140864,0.03417271673325844,0.00010271707485520754
monomial,lasso,3,83,0.01,0.9652315061535258,0.030092073223187937,0.00014099683892743187
monomial,lasso,3,83,0.003,0.9699890818250783,0.022408271101599816,0.00019409954390658957
monomial,lasso,4,209,0.1,1.1217591073094302,0.047996645951113144,8.447731623206778e-05
monomial,lasso,4,209,0.03,0.7051854484466803,0.03511608578078511,0.00014721479201407206
monomial,lasso,4,209,0.01,0.626233203603605,0.02783110156995342,0.0001623972448174804
monomial,lasso,4,209,0.003,0.713986283961663,0.03938787042000983,0.00021339749324533752
monomial,lasso,5,461,0.1,0.8659196105904771,0.04439759816818671,8.436924511401322e-05
monomial,lasso,5,461,0.03,0.4220745051253866,0.01849000145920651,0.00013593973014958127
monomial,lasso,5,461,0.01,0.3469072235333668,0.01301195355057853,0.00015040049460934846
monomial,lasso,5,461,0.003,0.39728727124410285,0.020821437306621428,0.0002812766395898503
monomial,lasso,6,923,0.1,0.8622239130962214,0.04237901984262239,8.203521623828536e-05
monomial,lasso,6,923,0.03,0.44098617974966814,0.02265114259257025,0.00015252409180654958
monomial,lasso,6,923,0.01,0.3718676729178417,0.019252845254522758,0.00019199376442780025
monomial,lasso,6,923,0.003,0.49306733851197393,0.05167846691065689,0.00024802551471664325
