variant,method,degree,alpha,mean_mse,std_mse,boundary_mse,maximum_dual_gap,folds
1,lasso,4,0.005,0.7217224999722629,0.0972613276268801,0.7652535729732716,1.963044732772312e-05,15
1,lasso,4,0.007,0.7000192421505738,0.09609296083033568,0.7420507313295533,1.927415624253248e-05,15
1,lasso,4,0.01,0.6830544916156531,0.09483087367217032,0.7239788938658763,1.9163811251110552e-05,15
1,lasso,4,0.02,0.7050340995909835,0.09605596670897491,0.7476440594367059,1.5228752515250576e-05,15
1,lasso,4,0.03,0.7411395962048011,0.10197203853428506,0.7876466957863368,1.1837226884914289e-05,15
1,lasso,5,0.005,0.38043389541915257,0.04189998965628937,0.3944269675061485,2.79004995796528e-05,15
1,lasso,5,0.007,0.3713873303720781,0.04120892540363013,0.38489310169044455,2.0883351953771e-05,15
1,lasso,5,0.01,0.36680641674965836,0.03913148521490709,0.3802093293463495,2.168394462548351e-05,15
1,lasso,5,0.02,0.39118446290982867,0.042458539128995394,0.4068778458928275,1.6112567287285273e-05,15
1,lasso,5,0.03,0.43810098706447437,0.04870006527251869,0.4570728948802076,1.6230654642290787e-05,15
1,ridge,3,0.01,1.0156858434168343,0.07695080023369028,1.0632868752506608,0.0,15
1,ridge,3,0.0177827941003892,1.0156558624005523,0.07694686908021359,1.063258434162535,0.0,15
1,ridge,3,0.0316227766016837,1.0156026946097578,0.07693990641680273,1.0632080001032516,0.0,15
1,ridge,3,0.0562341325190349,1.0155086098283936,0.07692761311966656,1.0631187619538454,0.0,15
1,ridge,3,0.1,1.015342752351949,0.07690602930357379,1.0629614773483145,0.0,15
1,ridge,3,0.1778279410038923,1.015052342401688,0.07686851239579849,1.0626861714657194,0.0,15
1,ridge,3,0.3162277660168379,1.014549916889203,0.07680447208038443,1.0622101810058604,0.0,15
1,ridge,3,0.5623413251903491,1.013699018520404,0.07669872763469565,1.0614050632412535,0.0,15
1,ridge,3,1.0,1.012311524601961,0.07653476353162363,1.0600956695584545,0.0,15
1,ridge,3,1.7782794100389228,1.0101981888498055,0.07631137412110006,1.0581134469735862,0.0,15
1,ridge,3,3.1622776601683795,1.0073691848098352,0.0760947180677548,1.0555041971826504,0.0,15
1,ridge,3,5.623413251903491,1.0045523665527425,0.07614339412795332,1.0530733069428184,0.0,15
1,ridge,3,10.0,1.0042733503578407,0.07713013826853335,1.0535533596659283,0.0,15
1,ridge,3,17.78279410038923,1.0129683111515695,0.08031945064664649,1.063916439089758,0.0,15
1,ridge,3,31.6227766016838,1.0449628657416759,0.08716501771947031,1.099641735976871,0.0,15
1,ridge,3,56.23413251903491,1.1280348426662556,0.09809028362187895,1.1904879901522942,0.0,15
1,ridge,3,100.0,1.3062111685428723,0.11223958165759246,1.383205206836327,0.0,15
1,ridge,3,177.82794100389228,1.6334251618094338,0.13022157404733686,1.7348270030670923,0.0,15
1,ridge,3,316.227766016838,2.157384955057269,0.15985947703206788,2.2963015632866868,0.0,15
1,ridge,3,562.341325190349,2.8991260679777313,0.22042106703644648,3.0920767850221993,0.0,15
1,ridge,3,1000.0,3.837302757273661,0.328645035723534,4.10375558898337,0.0,15
1,ridge,4,0.01,1.1282871360524604,0.25861229139165126,1.2024866938529868,0.0,15
1,ridge,4,0.0177827941003892,1.1275060129309893,0.2581353350985051,1.2016480720590588,0.0,15
1,ridge,4,0.0316227766016837,1.1261263938151176,0.25729290539228034,1.200166784252391,0.0,15
1,ridge,4,0.0562341325190349,1.123702406188581,0.25581267090613735,1.1975638097405934,0.0,15
1,ridge,4,0.1,1.1194821221019589,0.25323526680748953,1.193030815348569,0.0,15
1,ridge,4,0.1778279410038923,1.112248846496158,0.2488171707631128,1.1852583432733321,0.0,15
1,ridge,4,0.3162277660168379,1.1001746644287416,0.24144095228916237,1.1722748646889924,0.0,15
1,ridge,4,0.5623413251903491,1.080864370743714,0.22964160824524935,1.1514855515572566,0.0,15
1,ridge,4,1.0,1.0519415288138352,0.21195982675519004,1.1202866946313663,0.0,15
1,ridge,4,1.7782794100389228,1.0124687915866284,0.18777318791319828,1.077574050387803,0.0,15
1,ridge,4,3.1622776601683795,0.9647371392494972,0.15825575614728377,1.025660578433974,0.0,15
1,ridge,4,5.623413251903491,0.9149995882691034,0.12664888020024292,0.9710928066764873,0.0,15
1,ridge,4,10.0,0.8724461874324649,0.09778990901852384,0.9236280326841805,0.0,15
1,ridge,4,17.78279410038923,0.8476493679037784,0.07765102834299624,0.8946713538541182,0.0,15
1,ridge,4,31.6227766016838,0.851487485738541,0.07172680156587584,0.8961347549448249,0.0,15
1,ridge,4,56.23413251903491,0.8943210369465844,0.07991869994621542,0.9394133482843574,0.0,15
1,ridge,4,100.0,0.9862126837472872,0.09590966988756218,1.035464635408781,0.0,15
1,ridge,4,177.82794100389228,1.1398371947736292,0.11380666554220267,1.1978864632485935,0.0,15
1,ridge,4,316.227766016838,1.3770587432486177,0.13172327469381254,1.4500966165175844,0.0,15
1,ridge,4,562.341325190349,1.7372552331501305,0.1548553550350983,1.8346354215529572,0.0,15
1,ridge,4,1000.0,2.2756380070380287,0.19818593378232083,2.411858714691692,0.0,15
1,ridge,5,0.01,5.115278659855462,3.621136188315281,5.620498398037104,0.0,15
1,ridge,5,0.0177827941003892,4.677077455783479,3.1755453124777255,5.135780929662014,0.0,15
1,ridge,5,0.0316227766016837,4.1015417898277375,2.6176691569827617,4.499403549269233,0.0,15
1,ridge,5,0.0562341325190349,3.4361861617015665,2.016122764461342,3.764107764090591,0.0,15
1,ridge,5,0.1,2.764159621590672,1.462371725928635,3.0218770900928438,0.0,15
1,ridge,5,0.1778279410038923,2.162993259978012,1.0194639063938604,2.3582014702205165,0.0,15
1,ridge,5,0.3162277660168379,1.6731542687097651,0.7005507038634547,1.8175196587277591,0.0,15
1,ridge,5,0.5623413251903491,1.2990708706171326,0.4845890668004957,1.4046393991284143,0.0,15
1,ridge,5,1.0,1.0264511012219042,0.34024933478871155,1.103834888102679,0.0,15
1,ridge,5,1.7782794100389228,0.8360554258787798,0.24262813102943315,0.8938337754375435,0.0,15
1,ridge,5,3.1622776601683795,0.7095737121441557,0.17708119965769614,0.7542105953070506,0.0,15
1,ridge,5,5.623413251903491,0.6314294754584373,0.13505980331143946,0.667443757958355,0.0,15
1,ridge,5,10.0,0.5896692390430724,0.11001082897366878,0.6200310843083293,0.0,15
1,ridge,5,17.78279410038923,0.5763615766788165,0.09550825735882378,0.6030423840927491,0.0,15
1,ridge,5,31.6227766016838,0.5873789255903168,0.08640546335988748,0.6118562808883876,0.0,15
1,ridge,5,56.23413251903491,0.6221906324729154,0.08085664305232668,0.6457673905986856,0.0,15
1,ridge,5,100.0,0.6852838836192263,0.07999966137544977,0.7093950025066114,0.0,15
1,ridge,5,177.82794100389228,0.790189749342111,0.08659568468631201,0.8170866724159147,0.0,15
1,ridge,5,316.227766016838,0.964086105961147,0.10167212514164839,0.9980431081475374,0.0,15
1,ridge,5,562.341325190349,1.2485686361513677,0.12141254642684758,1.2972893576615414,0.0,15
1,ridge,5,1000.0,1.6912862393564525,0.14144790103585173,1.766814471954518,0.0,15
1,ridge,6,0.01,11.378398658749285,3.9233261854184476,12.602915866073351,0.0,15
1,ridge,6,0.0177827941003892,9.616150485726816,3.375850455619847,10.653158367191724,0.0,15
1,ridge,6,0.0316227766016837,7.881357798341395,2.782949064280738,8.728352117050838,0.0,15
1,ridge,6,0.0562341325190349,6.259095215272149,2.1723085822517976,6.924555929785348,0.0,15
1,ridge,6,0.1,4.837933250931785,1.598267886872466,5.342480072030545,0.0,15
1,ridge,6,0.1778279410038923,3.6721529207959844,1.1159805685619386,4.044321637587671,0.0,15
1,ridge,6,0.3162277660168379,2.7666203283295157,0.7529885055642629,3.0361750272100747,0.0,15
1,ridge,6,0.5623413251903491,2.0925012290854923,0.5082197589365371,2.285956774483159,0.0,15
1,ridge,6,1.0,1.6086872398370768,0.3625626916335815,1.7478989630429895,0.0,15
1,ridge,6,1.7782794100389228,1.2742062581466813,0.2863710448752036,1.376345943498957,0.0,15
1,ridge,6,3.1622776601683795,1.052844841668841,0.249470028516176,1.1306488359721254,0.0,15
1,ridge,6,5.623413251903491,0.9137441527508864,0.2305215122397511,0.9759236217801901,0.0,15
1,ridge,6,10.0,0.8314863743827289,0.21778905954188854,0.8834588032074173,0.0,15
1,ridge,6,17.78279410038923,0.7874811383594842,0.20564794280707985,0.8323543359093238,0.0,15
1,ridge,6,31.6227766016838,0.7709466509337102,0.1915169885847572,0.8104702884541638,0.0,15
1,ridge,6,56.23413251903491,0.7778881076206758,0.17474515653583358,0.813179579076018,0.0,15
1,ridge,6,100.0,0.8095500336362257,0.1560212907889781,0.8416259209379782,0.0,15
1,ridge,6,177.82794100389228,0.8722511863827571,0.1367600600265561,0.9025086042610652,0.0,15
1,ridge,6,316.227766016838,0.9782677345468895,0.12067324767358045,1.009057211446474,0.0,15
1,ridge,6,562.341325190349,1.1468009779582926,0.11556971108048165,1.182170345981479,0.0,15
1,ridge,6,1000.0,1.4050743439799365,0.12528676118237506,1.4516873953390714,0.0,15
1,ridge,7,0.01,6.12807303577224,3.0410573153366136,6.788317835885905,0.0,15
1,ridge,7,0.0177827941003892,5.794699819005111,2.8043595239713786,6.41749294093485,0.0,15
1,ridge,7,0.0316227766016837,5.348401045644735,2.4894705493811844,5.9205714246868615,0.0,15
1,ridge,7,0.0562341325190349,4.806806393976495,2.1130117113007514,5.3168569040276354,0.0,15
1,ridge,7,0.1,4.205907641586206,1.7112928090385993,4.646433256227524,0.0,15
1,ridge,7,0.1778279410038923,3.587278710015174,1.329199294271093,3.9561752866897018,0.0,15
1,ridge,7,0.3162277660168379,2.9921620907954227,1.004699578764133,3.29278465914119,0.0,15
1,ridge,7,0.5623413251903491,2.455855319115623,0.7566026474514294,2.695812745058099,0.0,15
1,ridge,7,1.0,1.9990759368527535,0.5804304608311791,2.187884496361308,0.0,15
1,ridge,7,1.7782794100389228,1.627292141982213,0.45728576328613135,1.7744720757690224,0.0,15
1,ridge,7,3.1622776601683795,1.3378222793711538,0.3695006453744504,1.4522105096964844,0.0,15
1,ridge,7,5.623413251903491,1.1241829114315534,0.306596286768531,1.21368924349719,0.0,15
1,ridge,7,10.0,0.9763256118368815,0.2628265175859558,1.047571571750286,0.0,15
1,ridge,7,17.78279410038923,0.8818508486037385,0.23414533671637994,0.9399008178339401,0.0,15
1,ridge,7,31.6227766016838,0.8292721148321898,0.2154879802501629,0.8776958658922115,0.0,15
1,ridge,7,56.23413251903491,0.8105946853328316,0.2008407786407603,0.8517962155758485,0.0,15
1,ridge,7,100.0,0.8216348411145381,0.1857059889006286,0.85723766277767,0.0,15
1,ridge,7,177.82794100389228,0.8619325652212967,0.16780879002411114,0.8931708079505749,0.0,15
1,ridge,7,316.227766016838,0.9371855696588987,0.14774629843750456,0.9655341086310211,0.0,15
1,ridge,7,562.341325190349,1.0637794905845046,0.1326107273987195,1.0920689842656823,0.0,15
1,ridge,7,1000.0,1.270791433441674,0.1335594457379263,1.3046408431850822,0.0,15
2,ridge,7,0.01,0.3574137553698639,0.05943691243094198,0.4207181493401212,0.0,15
2,ridge,7,0.0177827941003892,0.3572589313225494,0.058852685845541874,0.42148047949067685,0.0,15
2,ridge,7,0.0316227766016837,0.35750763282952697,0.058365677560716124,0.42322679497477034,0.0,15
2,ridge,7,0.0562341325190349,0.3585486522608751,0.05830053594681822,0.4267206751571318,0.0,15
2,ridge,7,0.1,0.36112856133343,0.059121081171035005,0.43328450279585645,0.0,15
2,ridge,7,0.1778279410038923,0.3667960095847063,0.061439089327921005,0.4452145607684955,0.0,15
2,ridge,7,0.3162277660168379,0.37814216586732013,0.06597809922924737,0.4658985183714962,0.0,15
2,ridge,7,0.5623413251903491,0.3985790429299803,0.07338664379543691,0.4994456726815475,0.0,15
2,ridge,7,1.0,0.4317483670852317,0.08404831200608925,0.5500744938988844,0.0,15
2,ridge,7,1.7782794100389228,0.48084002390420094,0.09820761423922475,0.6217460695579735,0.0,15
2,ridge,7,3.1622776601683795,0.5483280010211556,0.11625948291943107,0.7186506274968548,0.0,15
2,ridge,7,5.623413251903491,0.6364546504128801,0.13887099831079197,0.8466195973297366,0.0,15
2,ridge,7,10.0,0.7493859620141519,0.16728501822791414,1.0158433198090122,0.0,15
2,ridge,7,17.78279410038923,0.898654761064335,0.20375245624464716,1.2463239377566182,0.0,15
2,ridge,7,31.622776601683796,1.1090349611742416,0.2516988903407329,1.5740245982922356,0.0,15
2,ridge,7,56.23413251903491,1.4199336802705258,0.31629466976070597,2.0552824282589586,0.0,15
2,ridge,7,100.0,1.8885370266073616,0.4063796507240373,2.7784049065113057,0.0,15
2,ridge,7,177.82794100389228,2.598892155475792,0.5362576416518678,3.8812597747248385,0.0,15
2,ridge,7,316.227766016838,3.6521333733900048,0.723520485255139,5.53513195295262,0.0,15
2,ridge,7,562.341325190349,5.131069546045032,0.988460869413467,7.889883989882812,0.0,15
2,ridge,7,1000.0,7.104515810471288,1.3683949583212305,11.079399954862813,0.0,15
2,ridge,8,0.01,0.2820216266331261,0.0385615520925467,0.31005674476776407,0.0,15
2,ridge,8,0.0177827941003892,0.2791390402881542,0.037731297784383756,0.3072013976821892,0.0,15
2,ridge,8,0.0316227766016837,0.27670978477689456,0.0368864366429329,0.3051165084957464,0.0,15
2,ridge,8,0.0562341325190349,0.2753278570061326,0.03632816042270002,0.30454024291953874,0.0,15
2,ridge,8,0.1,0.27542069897756416,0.036332625627565805,0.3059493202021744,0.0,15
2,ridge,8,0.1778279410038923,0.2773679605828937,0.037002457594904684,0.3096956589147159,0.0,15
2,ridge,8,0.3162277660168379,0.281814289092031,0.03837365895122875,0.31650166919206946,0.0,15
2,ridge,8,0.5623413251903491,0.28992744103289053,0.04066052966696987,0.3280054316594127,0.0,15
2,ridge,8,1.0,0.3035019733895614,0.044406705139510165,0.34704535331414876,0.0,15
2,ridge,8,1.7782794100389228,0.32509066762316274,0.05043948327358097,0.3777244964635685,0.0,15
2,ridge,8,3.1622776601683795,0.3582451690187346,0.05963121201823385,0.42543024925125794,0.0,15
2,ridge,8,5.623413251903491,0.4077632584263405,0.07296753603304178,0.4970625172507796,0.0,15
2,ridge,8,10.0,0.480449224909468,0.09202786737312582,0.6023285523786982,0.0,15
2,ridge,8,17.78279410038923,0.5874318086939171,0.11884947021163841,0.7571635482992498,0.0,15
2,ridge,8,31.622776601683796,0.7469872955240738,0.15498346075823263,0.9878844677140641,0.0,15
2,ridge,8,56.23413251903491,0.9859369959520475,0.20125649820808655,1.334604615207311,0.0,15
2,ridge,8,100.0,1.3426897784552463,0.2596837982077585,1.8588761479452574,0.0,15
2,ridge,8,177.82794100389228,1.875583882167041,0.3369899981227421,2.658657701841372,0.0,15
2,ridge,8,316.227766016838,2.6674377966174845,0.44712761113127786,3.875416282407953,0.0,15
2,ridge,8,562.341325190349,3.8182717428926867,0.6117864185156434,5.682914881916306,0.0,15
2,ridge,8,1000.0,5.436222981416891,0.8660758621685212,8.27399314761472,0.0,15
2,ridge,9,0.01,0.3729553233292378,0.09119095577879689,0.45541580588522296,0.0,15
2,ridge,9,0.0177827941003892,0.35124896065170347,0.07524141122805941,0.42266335660700205,0.0,15
2,ridge,9,0.0316227766016837,0.33072474213574155,0.06181394891394267,0.39206994074416385,0.0,15
2,ridge,9,0.0562341325190349,0.3131764347473241,0.05218738059486687,0.3664896293474263,0.0,15
2,ridge,9,0.1,0.2991854938744606,0.04578266718741541,0.3466325128396343,0.0,15
2,ridge,9,0.1778279410038923,0.28879876973118174,0.04162612607822276,0.33229575355444624,0.0,15
2,ridge,9,0.3162277660168379,0.2821894347577646,0.03919620401475901,0.3235058469651823,0.0,15
2,ridge,9,0.5623413251903491,0.2799981171990758,0.0384739512362427,0.3210612443843281,0.0,15
2,ridge,9,1.0,0.2833584534931296,0.0396836991330596,0.32652792087953025,0.0,15
2,ridge,9,1.7782794100389228,0.293748788632928,0.042993102918228256,0.34188406150647843,0.0,15
2,ridge,9,3.1622776601683795,0.31287672638169195,0.04843133954059673,0.36913645083361424,0.0,15
2,ridge,9,5.623413251903491,0.3429623038774224,0.05626697395677495,0.41068869093609467,0.0,15
2,ridge,9,10.0,0.38791372816318204,0.06753250350553675,0.4714452012920738,0.0,15
2,ridge,9,17.78279410038923,0.4553137753748033,0.08409642144778794,0.5623784836091693,0.0,15
2,ridge,9,31.622776601683796,0.5586604241696538,0.10824985117725593,0.704341697893556,0.0,15
2,ridge,9,56.23413251903491,0.720246693331629,0.14256291379060207,0.9325124889272031,0.0,15
2,ridge,9,100.0,0.9750571264984043,0.19107562099131598,1.3027781764059363,0.0,15
2,ridge,9,177.82794100389228,1.3781564593466957,0.26244584680827004,1.9045990077310235,0.0,15
2,ridge,9,316.227766016838,2.016932997533202,0.37199501809492624,2.8808701126174214,0.0,15
2,ridge,9,562.341325190349,3.0077348900044782,0.5363886404705814,4.4228245652816,0.0,15
2,ridge,9,1000.0,4.460918254320299,0.7715542211606058,6.717884640421109,0.0,15
2,ridge,10,0.01,0.379101118398592,0.07694028434602512,0.46278428843327535,0.0,15
2,ridge,10,0.0177827941003892,0.34835751112616253,0.06392742584028836,0.41582265702540483,0.0,15
2,ridge,10,0.0316227766016837,0.3227383585982503,0.05395791422107104,0.37711010353800895,0.0,15
2,ridge,10,0.0562341325190349,0.3020672335942681,0.04676226669750967,0.3464067457374471,0.0,15
2,ridge,10,0.1,0.2859845612155542,0.04228031544817291,0.3231371116543256,0.0,15
2,ridge,10,0.1778279410038923,0.2740999599269758,0.040200659653502606,0.30658243701675114,0.0,15
2,ridge,10,0.3162277660168379,0.26598758345332596,0.039895668005195783,0.29577354572433995,0.0,15
2,ridge,10,0.5623413251903491,0.26134211193283496,0.04062878206667584,0.28971968927509745,0.0,15
2,ridge,10,1.0,0.2602355673007869,0.04170803456172149,0.287942951817511,0.0,15
2,ridge,10,1.7782794100389228,0.26329117959762793,0.042812601908594115,0.29094930702340754,0.0,15
2,ridge,10,3.1622776601683795,0.27195029169986007,0.04437670027535276,0.3007057358403414,0.0,15
2,ridge,10,5.623413251903491,0.28902378610504453,0.047644397820538795,0.32124466295297716,0.0,15
2,ridge,10,10.0,0.3193516417019765,0.0541467250124389,0.35923483312729954,0.0,15
2,ridge,10,17.78279410038923,0.3706465750032718,0.06538422290011722,0.42498865210023834,0.0,15
2,ridge,10,31.622776601683796,0.4550404827802756,0.08350727151442726,0.5351190599784034,0.0,15
2,ridge,10,56.23413251903491,0.5912494376599157,0.11188849244488598,0.7170645503308392,0.0,15
2,ridge,10,100.0,0.8069085972795591,0.1546623237174716,1.0145342561938309,0.0,15
2,ridge,10,177.82794100389228,1.1430535184985324,0.21658301377774855,1.4957302184396224,0.0,15
2,ridge,10,316.227766016838,1.6643991621381438,0.30393528711851764,2.2689616408026017,0.0,15
2,ridge,10,562.341325190349,2.4678380984758723,0.42443109918705046,3.4951832878838243,0.0,15
2,ridge,10,1000.0,3.670280213941244,0.5886567736296627,5.370552944843692,0.0,15
2,ridge,11,0.01,0.45428244945754565,0.16824430230697737,0.5987103695587844,0.0,15
2,ridge,11,0.0177827941003892,0.423094630094148,0.14736491005793265,0.5486785102988739,0.0,15
2,ridge,11,0.0316227766016837,0.39268648400907613,0.12569464055586402,0.49983920572429186,0.0,15
2,ridge,11,0.0562341325190349,0.3632187286318608,0.10274784843516088,0.45254812691120744,0.0,15
2,ridge,11,0.1,0.3364185243779071,0.08179275929057778,0.4098468868680776,0.0,15
2,ridge,11,0.1778279410038923,0.3139932883929591,0.06585650931800033,0.3746777914023281,0.0,15
2,ridge,11,0.3162277660168379,0.2965570604200146,0.05545781286872443,0.34794614472721924,0.0,15
2,ridge,11,0.5623413251903491,0.28394849000327915,0.04927579162446729,0.32899006843935236,0.0,15
2,ridge,11,1.0,0.27604858980444485,0.045724207888859364,0.3169697986762076,0.0,15
2,ridge,11,1.7782794100389228,0.2732570517487172,0.04388363485970196,0.31177338134029553,0.0,15
2,ridge,11,3.1622776601683795,0.27663291353696473,0.0437029532959444,0.31432705075544753,0.0,15
2,ridge,11,5.623413251903491,0.2879504973258737,0.04581426804651806,0.3265107691872828,0.0,15
2,ridge,11,10.0,0.30991629945891014,0.05103405774515584,0.35117295146538885,0.0,15
2,ridge,11,17.78279410038923,0.3469897806610435,0.05997179668520993,0.3933801545394953,0.0,15
2,ridge,11,31.622776601683796,0.40716969601064773,0.07350216828465858,0.46379541951501085,0.0,15
2,ridge,11,56.23413251903491,0.5045854127033648,0.09384789654045894,0.5837916642428274,0.0,15
2,ridge,11,100.0,0.663171703130139,0.12535467910779188,0.7920775628002907,0.0,15
2,ridge,11,177.82794100389228,0.9223699788370626,0.17493981432199068,1.1536625150125832,0.0,15
2,ridge,11,316.227766016838,1.346324875464191,0.2529266324079326,1.7735304376761267,0.0,15
2,ridge,11,562.341325190349,2.0341279660463747,0.37110486550633276,2.8122254729493066,0.0,15
2,ridge,11,1000.0,3.1110978569117695,0.5367326725789608,4.474242547860576,0.0,15
2,ridge,12,0.01,0.5594774868217092,0.2328564743709714,0.7770403487489391,0.0,15
2,ridge,12,0.0177827941003892,0.4938179861854924,0.17759540930574397,0.6675823462763357,0.0,15
2,ridge,12,0.0316227766016837,0.437063114317023,0.1336139968339171,0.5732706302100411,0.0,15
2,ridge,12,0.0562341325190349,0.38942758076257294,0.10110954092905873,0.4949709199257432,0.0,15
2,ridge,12,0.1,0.3507235876703646,0.07767430149649093,0.43236623638744687,0.0,15
2,ridge,12,0.1778279410038923,0.3203417901532275,0.06133965789845757,0.3841522815500549,0.0,15
2,ridge,12,0.3162277660168379,0.2975085307111963,0.05139739300648081,0.348656746113697,0.0,15
2,ridge,12,0.5623413251903491,0.2814214170465672,0.04717897639921067,0.32405708325827526,0.0,15
2,ridge,12,1.0,0.2713094713315988,0.04699248583600923,0.308384201545816,0.0,15
2,ridge,12,1.7782794100389228,0.2666793022368783,0.04868909691978997,0.29991382475876893,0.0,15
2,ridge,12,3.1622776601683795,0.26767963323596144,0.05077921533860721,0.2978810816441175,0.0,15
2,ridge,12,5.623413251903491,0.2754644230032975,0.052995811178505575,0.30314446173127674,0.0,15
2,ridge,12,10.0,0.2927476451151678,0.056286806361968846,0.3188975947184172,0.0,15
2,ridge,12,17.78279410038923,0.324685480315368,0.0621475873389889,0.35177065363009963,0.0,15
2,ridge,12,31.622776601683796,0.38001068371926827,0.0719277932576822,0.41357992631349677,0.0,15
2,ridge,12,56.23413251903491,0.472414597749628,0.08758579435715795,0.5240469325680202,0.0,15
2,ridge,12,100.0,0.6226114643787978,0.11369982577632928,0.7152633285721569,0.0,15
2,ridge,12,177.82794100389228,0.8623795564512258,0.1582797191336384,1.039195392888666,0.0,15
2,ridge,12,316.227766016838,1.2419416388134714,0.23096488024252987,1.5790029327262773,0.0,15
2,ridge,12,562.341325190349,1.840082426855784,0.3386077393825217,2.4636833277282437,0.0,15
2,ridge,12,1000.0,2.7668819544823875,0.4810592310181561,3.8733328329598646,0.0,15
2,ridge,13,0.01,0.6489565794747378,0.39065450976278626,0.938422713366614,0.0,15
2,ridge,13,0.0177827941003892,0.5741243675206925,0.3233786383349356,0.8131580618971533,0.0,15
2,ridge,13,0.0316227766016837,0.5115050159674893,0.26514002496593264,0.7079873343809094,0.0,15
2,ridge,13,0.0562341325190349,0.457191599249513,0.21470254588592685,0.6168240582593331,0.0,15
2,ridge,13,0.1,0.4091956816866681,0.16924108052508532,0.5365298726811802,0.0,15
2,ridge,13,0.1778279410038923,0.3679779829120282,0.12958137752475474,0.46803995959205924,0.0,15
2,ridge,13,0.3162277660168379,0.33508500266566293,0.09887845480143727,0.41397471189976004,0.0,15
2,ridge,13,0.5623413251903491,0.31118617819939765,0.07856059912286163,0.37519735784614017,0.0,15
2,ridge,13,1.0,0.29556303219968216,0.06714145229735916,0.3499003107859227,0.0,15
2,ridge,13,1.7782794100389228,0.2870870693104615,0.06159727909947546,0.3352375599312089,0.0,15
2,ridge,13,3.1622776601683795,0.28523351065946223,0.0590560243637093,0.3290831459606123,0.0,15
2,ridge,13,5.623413251903491,0.2905463867471355,0.0578915114718249,0.33090665701465116,0.0,15
2,ridge,13,10.0,0.3049098414700424,0.058235021757653806,0.34214941073804434,0.0,15
2,ridge,13,17.78279410038923,0.3319968347111695,0.06166121760147004,0.36675766110396635,0.0,15
2,ridge,13,31.622776601683796,0.3780323625849809,0.06971234074817567,0.4125276616029153,0.0,15
2,ridge,13,56.23413251903491,0.45304179154066926,0.08323810350398095,0.49381721442252446,0.0,15
2,ridge,13,100.0,0.5733824859461978,0.10445260595749661,0.6365208318637305,0.0,15
2,ridge,13,177.82794100389228,0.7671398758527601,0.139721007005125,0.8869085239790996,0.0,15
2,ridge,13,316.227766016838,1.0827615891377123,0.20026243044724737,1.3244097512928414,0.0,15
2,ridge,13,562.341325190349,1.5990778839720747,0.29836333355685485,2.0762552739798306,0.0,15
2,ridge,13,1000.0,2.4289765120492266,0.4387990116255494,3.3242924216678476,0.0,15
